Title,Price,Link,Image Link,Scraped Date
1999 Pokemon Fossil Gengar #20/62 Psa 10,$590.00,https://www.ebay.com/itm/127196459313,https://i.ebayimg.com/images/g/RsEAAeSw94xoWtnh/s-l500.jpg,2025-07-06
1999 Pokemon Fossil Gengar 1St Edition Non-Holo Card Psa 10,"$1,000.00",https://www.ebay.com/itm/187379742148,https://i.ebayimg.com/images/g/AI4AAeSwVTloY-7-/s-l140.jpg,2025-07-06
1997 Pokemon Japanese Fossil Gengar Holo #94 Psa 10 Gem Mint With A Big Swirl,"$2,599.99",https://www.ebay.com/itm/236183334075,https://i.ebayimg.com/images/g/ea4AAeSw7JZoaMBR/s-l140.jpg,2025-07-06
1997 Pokemon Japanese Fossil Set Holo Gengar #94 Psa 10 Gem Mt / Gem Mint 10,$337.00,https://www.ebay.com/itm/236184550944,https://i.ebayimg.com/images/g/FVUAAeSw4jxoaa4T/s-l140.jpg,2025-07-06
Gengar Psa 10 Cosmos Holo Japanese Fossil Secret Rare Star Promo Vintage Card,"$3,324.99",https://www.ebay.com/itm/286682628658,https://i.ebayimg.com/images/g/WQ0AAeSwyDFoY3~0/s-l140.jpg,2025-07-06
1997 Pokemon Japanese Fossil Gengar Holo #94 Psa 10 Gem Mint,"$2,500.00",https://www.ebay.com/itm/374684065016,https://i.ebayimg.com/images/g/bUAAAOSwhUBkWIrL/s-l140.jpg,2025-07-06
Psa 10 Gem Mint Gengar 20/62 1999-2000 (Red Logo) Fossil Pokemon Card,"$499,999.99",https://www.ebay.com/itm/277124484179,https://i.ebayimg.com/images/g/KKUAAOSwh4JoNLnH/s-l140.jpg,2025-07-06
1999 Pokemon Fossil Gengar 1St Edition #20 Psa 10 Gem Mint Vintage,$420.00,https://www.ebay.com/itm/177247467227,https://i.ebayimg.com/images/g/5VsAAeSwZRtoafhW/s-l140.jpg,2025-07-07
Pokemon Gengar Fossil Unlimited Non Holo Rare #20 Psa 10 Gem Mint,$1.25,https://www.ebay.com/itm/286689936067,https://i.ebayimg.com/images/g/oYQAAeSw50ZoaNtO/s-l140.jpg,2025-07-07
(Hp) Gengar No.094 Fossil Set Vintage 085/128 E Card Japanese Pokemon Card,$56.00,https://www.ebay.com/itm/396821016072,https://i.ebayimg.com/images/g/87YAAeSwbE9oZ8lS/s-l500.jpg,2025-07-07
Pok√©mon Tcg Gengar 05/62 Fossil Unlimited Holo Rare Vintage 1999 Wotc,$60.00,https://www.ebay.com/itm/357208877037,https://i.ebayimg.com/images/g/ZKsAAeSw58hoZF-U/s-l500.jpg,2025-07-07
Pokemon Gengar 20/62 1St Edition Fossil,$54.99,https://www.ebay.com/itm/335903156589,https://i.ebayimg.com/images/g/bfgAAOSwmDNn9ie6/s-l140.jpg,2025-07-07
Gengar Mystery Of The Fossils Holo (Japanese),$32.00,https://www.ebay.com/itm/136116740990,https://i.ebayimg.com/images/g/wuwAAeSw8UNoa0Qg/s-l140.jpg,2025-07-07
Pokemon Tcg Gengar 20/62 Fossil Set Non Holo Rare Unlimited 1999 Wotc Nm,$27.99,https://www.ebay.com/itm/356845285071,https://i.ebayimg.com/images/g/UdYAAeSwdhpoElQZ/s-l140.jpg,2025-07-07
Jw Gengar No. 094 Holo Rare Fossil Set Japanese Pokemon Card 1997 Old Back,$38.67,https://www.ebay.com/itm/267291779357,https://i.ebayimg.com/images/g/fnwAAeSwdDRoTvsl/s-l140.jpg,2025-07-07
Gengar 20/62 Fossil Regular,$9.99,https://www.ebay.com/itm/336053100316,https://i.ebayimg.com/images/g/R7YAAeSwgRBoavl0/s-l140.jpg,2025-07-07
Gengar No.094 Fossil - Rare Holo Pokemon Card (Japanese),$34.99,https://www.ebay.com/itm/156905224009,https://i.ebayimg.com/images/g/ZAAAAOSwamtoAp7m/s-l140.jpg,2025-07-07
Gengar Mystery Of The Fossils Holo (Japanese),$25.00,https://www.ebay.com/itm/336053121948,https://i.ebayimg.com/images/g/qPAAAeSw8j1oav~q/s-l140.jpg,2025-07-07
Gengar No.094 Fossil Set Japanese Pokemon Card Holo Rare Wotc 1997 Swirl Lp/Mp,$30.00,https://www.ebay.com/itm/317026578746,https://i.ebayimg.com/images/g/cMYAAeSwbMZoWnaN/s-l140.jpg,2025-07-07
First 1St Edition Gengar 20/62 Pokemon Card Tcg Fossil Non Holo (Lp),$45.00,https://www.ebay.com/itm/376039851089,https://i.ebayimg.com/images/g/QQwAAeSwHL1nxlv8/s-l140.jpg,2025-07-07
Gengar - Japanese Fossil Unlimited Holo Rare Pokemon - Lp,$40.00,https://www.ebay.com/itm/365706526274,https://i.ebayimg.com/images/g/bVkAAeSwWLVoZVF0/s-l140.jpg,2025-07-07
Pokemon Tcg - Gengar 20/62 Fossil Regular Unlimited - Lp/Mp,$11.99,https://www.ebay.com/itm/388639325885,https://i.ebayimg.com/images/g/bKQAAeSw~LdoXq9D/s-l140.jpg,2025-07-07
Pokemon - Gengar -  Fossil - Non-Holo - 20/62 - Tcg - Unlimited,$7.49,https://www.ebay.com/itm/187388892462,https://i.ebayimg.com/images/g/gdgAAeSwKqBoaGNv/s-l140.jpg,2025-07-07
Gengar Fossil Set 20/62 Rare Pokemon Card 1999 Non-Holo Wotc,$15.00,https://www.ebay.com/itm/406016373839,https://i.ebayimg.com/images/g/D40AAeSwJZFoZgkV/s-l140.jpg,2025-07-07
Pok√©mon Gengar Tcg Card 20/62 Fossil Rare Non-Holo Lp 1St Edition,$20.00,https://www.ebay.com/itm/297454107157,https://i.ebayimg.com/images/g/hdUAAeSwrepoar9b/s-l140.jpg,2025-07-07
Gengar Mystery Of The Fossils Holo (Japanese),$49.99,https://www.ebay.com/itm/326649094232,https://i.ebayimg.com/images/g/ec0AAOSwLbZoVGAR/s-l140.jpg,2025-07-07
1999 Pokemon Fossil Gengar #20/62,$5.50,https://www.ebay.com/itm/127210460178,https://i.ebayimg.com/images/g/Lx8AAeSwv8loZWcE/s-l140.jpg,2025-07-07
Gengar - 20/62 - Fossil Unlimited Non Holo Rare Card Pok√©mon Tcg Wotc Mp Vintage,$16.99,https://www.ebay.com/itm/257006462292,https://i.ebayimg.com/images/g/~94AAeSwkXtoa6r3/s-l140.jpg,2025-07-07
Gengar No.094 Fossil 1997 Holo Rare Vintage Old Back Japanese Pokemon Card Mp,$28.53,https://www.ebay.com/itm/376309295603,https://i.ebayimg.com/images/g/XRAAAOSwXCNoP-Cb/s-l140.jpg,2025-07-07
Gengar No. 094 Holo Rare Fossil Japanese Pok√©mon Tcg Played,$19.33,https://www.ebay.com/itm/376381862872,https://i.ebayimg.com/images/g/dU0AAeSwLqFoZTqp/s-l140.jpg,2025-07-07
Gengar 20/62 Fossil Regular Non Holo Rare Lightly Played Ungraded,$0.99,https://www.ebay.com/itm/167628337937,https://i.ebayimg.com/images/g/XIAAAeSwzxBoaH9t/s-l140.jpg,2025-07-07
Gengar Mystery Of The Fossils Holo (Japanese) *Swirl* - Pok√©mon Card,$44.99,https://www.ebay.com/itm/157148173131,https://i.ebayimg.com/images/g/l5kAAeSwyU1oaIjC/s-l140.jpg,2025-07-07
Gengar 20/62 Fossil Regular,$12.00,https://www.ebay.com/itm/357222455315,https://i.ebayimg.com/images/g/dNYAAeSwMphoZ27r/s-l140.jpg,2025-07-07
Pokemon Gengar 20/62 1St Edition Rare Non Holo (1999 Fossil),$39.99,https://www.ebay.com/itm/205535663563,https://i.ebayimg.com/images/g/sRsAAOSwJ3NoQMzr/s-l140.jpg,2025-07-07
Gengar 20/62 Fossil Unlimited Pokemon Card Regular Rare Moderately Played Mp +,$11.93,https://www.ebay.com/itm/127207780797,https://i.ebayimg.com/images/g/0qoAAeSwu-FoY7GG/s-l140.jpg,2025-07-07
Gengar Rare 20/62 - Fossil - Near Mint,$14.99,https://www.ebay.com/itm/116664335465,https://i.ebayimg.com/images/g/JAAAAeSwC-5oWOLy/s-l140.jpg,2025-07-07
Pokemon Rare Gengar Fossil 20/62 Non Holo - Heavily Played (Hp),$4.49,https://www.ebay.com/itm/297450218696,https://i.ebayimg.com/images/g/cc0AAeSwPM5oZ6ll/s-l140.jpg,2025-07-07
Pok√©mon Tcg Japanese Gengar Fossil Holographic Rare,$18.28,https://www.ebay.com/itm/136099707084,https://i.ebayimg.com/images/g/AaoAAeSw4g1oWKAC/s-l140.jpg,2025-07-07
Gengar - Mystery Of The Fossils - Nm Jp Japanese Holofoil 94 - Pokemon Card,$20.50,https://www.ebay.com/itm/317046807682,https://i.ebayimg.com/images/g/X8UAAeSw72doZGiH/s-l140.jpg,2025-07-07
Gengar 20/62 Fossil Unlimited Regular Rare Nm,$16.00,https://www.ebay.com/itm/267315947477,https://i.ebayimg.com/images/g/pysAAeSwNcJoazHl/s-l140.jpg,2025-07-07
Pok√©mon Tcg Gengar Fossil 20/62 Regular 1999-2000 Wotc Nm,$9.99,https://www.ebay.com/itm/167630321443,https://i.ebayimg.com/images/g/-4EAAeSweANoaeoa/s-l140.jpg,2025-07-07
Gengar No.094 Fossil Swirl Holo Rare  Old Back Japanese Pokemon Card Game 1997,$42.22,https://www.ebay.com/itm/388662922689,https://i.ebayimg.com/images/g/jBoAAOSwv4BoM9YL/s-l140.jpg,2025-07-07
Gengar 20/62 - Fossil - Regular (Non Holo) - Pokemon Tcg,$6.99,https://www.ebay.com/itm/406012980297,https://i.ebayimg.com/images/g/CA8AAeSwMHxoZFSa/s-l140.jpg,2025-07-07
Gengar Fossil 20/62 Pokemon Tcg Non Holo Rare Wotc Vintage 1999 Lp/Nm,$16.99,https://www.ebay.com/itm/297433876505,https://i.ebayimg.com/images/g/agIAAOSwuqFoWyur/s-l140.jpg,2025-07-07
Gengar  Holo 3Set Fossil Base Set 092 093 094 Japanese Pokemon Card #2505310011,$87.97,https://www.ebay.com/itm/357029861459,https://i.ebayimg.com/images/g/4Y0AAeSw~ZFoPuMz/s-l140.jpg,2025-07-07
Pokemon Card Gengar Fossil 1St Edition Rare 20/62 Nm/Lp,$42.00,https://www.ebay.com/itm/177218660700,https://i.ebayimg.com/images/g/upMAAeSwPAJoWeDG/s-l140.jpg,2025-07-07
Gengar No. 094 Swirl Holo Rare Fossil Japanese Pok√©mon Tcg,$24.99,https://www.ebay.com/itm/357079438660,https://i.ebayimg.com/images/g/b8YAAeSwJRJoSLUc/s-l140.jpg,2025-07-07
Gengar - 20/62 - Pokemon Fossil Unlimited Rare Card,$1.79,https://www.ebay.com/itm/167622306722,https://i.ebayimg.com/images/g/XdQAAOSw7jJlaRG2/s-l140.jpg,2025-07-07
Gengar 20/62  Fossil Rare Non-Holo Vintage Pokemon Tcg Card,$14.99,https://www.ebay.com/itm/267310676412,https://i.ebayimg.com/images/g/ACgAAeSwHnVoZTwN/s-l140.jpg,2025-07-07
Gengar 20/62 Fossil-Unlimited Edition Regular,$7.00,https://www.ebay.com/itm/405803309737,https://i.ebayimg.com/images/g/shsAAeSwdR9oCWtN/s-l140.jpg,2025-07-07
Pok√©mon Gengar Tcg #094 Japanese Fossil Unlimited Holo Card Near Mint Condition,$19.99,https://www.ebay.com/itm/157144909477,https://i.ebayimg.com/images/g/JdUAAeSwrF5oZsBY/s-l140.jpg,2025-07-07
Gengar 20/62 1St Edition Fossil Regular,$42.99,https://www.ebay.com/itm/297375379659,https://i.ebayimg.com/images/g/2rEAAOSwtVBoP-SX/s-l140.jpg,2025-07-07
Gengar Fossil 20/62 Pokemon Tcg Non Holo Rare Wotc Vintage 1999 Lp/Nm,$19.99,https://www.ebay.com/itm/388666087999,https://i.ebayimg.com/images/g/~8YAAeSwpqBoZzox/s-l140.jpg,2025-07-07
Gengar Holo No. 094 Fossil Set Japanese Pokemon Card Nintendo From Japan,$47.98,https://www.ebay.com/itm/365661124100,https://i.ebayimg.com/images/g/TMoAAOSwYddoRpum/s-l140.jpg,2025-07-07
Gengar 20/62 Fossil Regular,$14.99,https://www.ebay.com/itm/167623846550,https://i.ebayimg.com/images/g/qp0AAeSw6aZoZZBg/s-l140.jpg,2025-07-07
Gengar  üëª Fossil No.094 Holo Rare Japanese Pokemon Card Game,$45.00,https://www.ebay.com/itm/267314595930,https://i.ebayimg.com/images/g/~0QAAeSwLBRoaY-A/s-l140.jpg,2025-07-07
1St Edition Gengar Non Holo 20/62 1999 Vintage Pok√©mon Fossil Tcg Vlp Wotc Era,$60.00,https://www.ebay.com/itm/365714843428,https://i.ebayimg.com/images/g/VmQAAeSwCdVoaxes/s-l140.jpg,2025-07-07
Gengar 20/62 Fossil Unlimited Regular Pok√©mon Card   Lp,$12.00,https://www.ebay.com/itm/157147496849,https://i.ebayimg.com/images/g/nUwAAeSwDshoaCxW/s-l140.jpg,2025-07-07
Gengar 20/62 Fossil Regular,$8.49,https://www.ebay.com/itm/316978820970,https://i.ebayimg.com/images/g/AnkAAeSwlDFoS0-r/s-l140.jpg,2025-07-07
Gengar 20/62 Fossil Regular - 1St Edition,$33.33,https://www.ebay.com/itm/156628736971,https://i.ebayimg.com/images/g/-wMAAOSwWdJngHk4/s-l140.jpg,2025-07-07
Gengar 20/62 Fossil-1St Edition Non Holo Hp,$29.99,https://www.ebay.com/itm/187233522961,https://i.ebayimg.com/images/g/qeYAAeSwnotoKicF/s-l140.jpg,2025-07-07
Pok√©mon Tcg Mystery Of The Fossils Gengar #094 Holo  Japanese . Read Desc.,$60.00,https://www.ebay.com/itm/127152151349,https://i.ebayimg.com/images/g/3KAAAeSwIPRoPnol/s-l140.jpg,2025-07-07
Pokemon Tcg Fossil Gengar 20/62 1St Edition Non-Holo Rare Card,$23.99,https://www.ebay.com/itm/116678074201,https://i.ebayimg.com/images/g/tM8AAeSwk9loZx8p/s-l140.jpg,2025-07-07
[Mp] Gengar Fossil 20/62 Pokemon Tcg Non Holo Rare Wotc Vintage 1999,$12.00,https://www.ebay.com/itm/116620640118,https://i.ebayimg.com/images/g/8jwAAeSwJZNoNbqz/s-l140.jpg,2025-07-07
1997 Pokemon Gengar #094 Fossil - Galaxy Star Holo Rare Vintage Japanese,$28.00,https://www.ebay.com/itm/306373177371,https://i.ebayimg.com/images/g/h-wAAOSwAuVoU5JQ/s-l140.jpg,2025-07-07
Gengar 20/62 Rare Fossil Non Holo Pok√©mon Card,$13.00,https://www.ebay.com/itm/317062456300,https://i.ebayimg.com/images/g/Y5IAAeSwbIZoa1ZT/s-l140.jpg,2025-07-07
Gengar - 20/62 (Fossil) - Near Mint Nm - Rare,$14.95,https://www.ebay.com/itm/177219011712,https://i.ebayimg.com/images/g/QFUAAOSwuXpoWgTA/s-l140.jpg,2025-07-07
Pokemon Gengar Tcg 20/62 Fossil Non-Holo Rare Card Mp,$10.00,https://www.ebay.com/itm/388672067554,https://i.ebayimg.com/images/g/6lkAAeSwGlRoaSkq/s-l140.jpg,2025-07-07
Gengar 20/62 Fossil Set Non-Holo Rare Pokemon Card  1999,$14.99,https://www.ebay.com/itm/205579378005,https://i.ebayimg.com/images/g/dCsAAeSwKVloWare/s-l140.jpg,2025-07-07
Pokemon Fossil Gengar (20) Rare 20/62,$14.99,https://www.ebay.com/itm/306280691404,https://i.ebayimg.com/images/g/K04AAeSw90loE9Df/s-l140.jpg,2025-07-07
Gengar Fossil 1St Edition Non Holo Rare 20/62 Light Play,$27.00,https://www.ebay.com/itm/177218638148,https://i.ebayimg.com/images/g/lrYAAeSwbANoWd16/s-l140.jpg,2025-07-07
Gengar No.094 Holo Rare Fossil Set Vintage 2000 Japanese Pokemon Card(B Rank),$38.00,https://www.ebay.com/itm/388669917923,https://i.ebayimg.com/images/g/GcUAAeSw5rxoaG6-/s-l140.jpg,2025-07-07
Gengar Rare Base Fossil 20/62 Lightly Played,$14.99,https://www.ebay.com/itm/157118582716,https://i.ebayimg.com/images/g/c38AAeSwx5ZoWa0Q/s-l140.jpg,2025-07-07
Gengar 20/62 Fossil Regular Vlp To Nm,$13.00,https://www.ebay.com/itm/187394798215,https://i.ebayimg.com/images/g/DZwAAeSwY-Noa7t1/s-l140.jpg,2025-07-07
Gengar Holo Fossil No.094 Moderately Played Japanese Pokemon Card S14,$31.00,https://www.ebay.com/itm/388365035978,https://i.ebayimg.com/images/g/tfoAAOSwexBoFxqo/s-l140.jpg,2025-07-07
Gengar No.094 Fossil Holo Rare Swirl Old Back Japanese Pokemon Cards Game 1997,$48.37,https://www.ebay.com/itm/388662919242,https://i.ebayimg.com/images/g/OIQAAOSwR4doKp8J/s-l140.jpg,2025-07-07
Gengar - 20/62 - Fossil Unlimited Non Holo Rare Card Pok√©mon Tcg Wotc Lp+,$15.00,https://www.ebay.com/itm/187386674584,https://i.ebayimg.com/images/g/U98AAeSwfT9oZzh4/s-l140.jpg,2025-07-07
Gengar Mystery Of The Fossils Holo (Japanese)  094 Old Back,$25.00,https://www.ebay.com/itm/167620557246,https://i.ebayimg.com/images/g/hnMAAeSwLCpoY0rj/s-l140.jpg,2025-07-07
Pok√©mon Tcg Gengar #094 Holo Rare Fossil Card Japanese Edition,$20.50,https://www.ebay.com/itm/406005712262,https://i.ebayimg.com/images/g/tuMAAeSw1AtoVwOd/s-l140.jpg,2025-07-07
Gengar 20/62 Fossil Regular Pokemon Tcg,$15.99,https://www.ebay.com/itm/187350160970,https://i.ebayimg.com/images/g/xC4AAeSwq2VoVGjZ/s-l140.jpg,2025-07-07
Fossil Gengar,$10.00,https://www.ebay.com/itm/205592805336,https://i.ebayimg.com/images/g/O4IAAeSwu7doZKES/s-l140.jpg,2025-07-07
Vintage Pokemon Gengar 20/62 Fossil 1St Edition Non Holo Great Shape,$39.99,https://www.ebay.com/itm/116673513544,https://i.ebayimg.com/images/g/6WsAAeSwIYVoYodK/s-l140.jpg,2025-07-07
Pokemon Card Gengar Fossil 1St Edition Rare 20/62 Near Mint,$85.31,https://www.ebay.com/itm/297238084434,https://i.ebayimg.com/images/g/EusAAeSwGOZoBk~U/s-l140.jpg,2025-07-07
Gengar Holo Fossil Set [Nm-Mint] Japanese Pokemon Card 364,$89.99,https://www.ebay.com/itm/326577747946,https://i.ebayimg.com/images/g/U2MAAOSw0DZoIqMR/s-l140.jpg,2025-07-07
1999 Pokemon Fossil Gengar 1St Edition Non-Holo Card #20/62 -- Mp,$34.99,https://www.ebay.com/itm/396469840528,https://i.ebayimg.com/images/g/~VEAAOSwY9xn~XpI/s-l140.jpg,2025-07-07
Gengar 20/62 Fossil Rare Pokemon Card Mp,$8.00,https://www.ebay.com/itm/177243457627,https://i.ebayimg.com/images/g/tGQAAeSww0JoPyXz/s-l140.jpg,2025-07-07
Gengar Fossil 20/62 Pokemon Tcg Non Holo Rare Wotc Vintage 1999,$5.00,https://www.ebay.com/itm/336044522904,https://i.ebayimg.com/images/g/c8UAAeSwXxtoD~F~/s-l140.jpg,2025-07-07
Gengar 1St Edition Fossil Set Pokemon Card 20/62 Non-Holo Tcg Wotc Vintage,$28.00,https://www.ebay.com/itm/146468743383,https://i.ebayimg.com/images/g/O7IAAeSwH2Vn32le/s-l140.jpg,2025-07-07
Pokemon Gengar Fossil Lp,$50.00,https://www.ebay.com/itm/387862273402,https://i.ebayimg.com/images/g/swMAAOSw3ORnlZq8/s-l140.jpg,2025-07-07
Gengar 20/62 Fossil Regular First Edition Secret Rare Card Condition: Moderate.,$30.00,https://www.ebay.com/itm/235927581665,https://i.ebayimg.com/images/g/2cMAAOSwrbRnkvcp/s-l140.jpg,2025-07-07
Mp-Hp Japanese Gengar Lv 38 094 Old Fossil Set 1997 Pokemon Holo,$29.99,https://www.ebay.com/itm/167488600916,https://i.ebayimg.com/images/g/6rIAAOSwTUJoE92y/s-l140.jpg,2025-07-07
Gengar 20/62 Fossil Regular,$12.00,https://www.ebay.com/itm/135762661275,https://i.ebayimg.com/images/g/ZjAAAeSwQXJoGClw/s-l140.jpg,2025-07-07
Gengar 20/62 Fossil Regular,$13.99,https://www.ebay.com/itm/316430481200,https://i.ebayimg.com/images/g/ZHIAAeSwkcFnxaRW/s-l140.jpg,2025-07-07
Gengar Holo No.094 Fossil Japanese Pokemon Card 1997 Vintage,$42.80,https://www.ebay.com/itm/197362492072,https://i.ebayimg.com/images/g/6E4AAOSwhnBoNhV7/s-l500.jpg,2025-07-07
Gengar  Fossil No.094 Holo Rare Japanese Pokemon Card Game,$43.49,https://www.ebay.com/itm/316921256933,https://i.ebayimg.com/images/g/oEUAAOSwuiJoPsyb/s-l140.jpg,2025-07-07
Gengar 20/62 Fossil-Unlimited Edition Regular,$12.75,https://www.ebay.com/itm/356809995685,https://i.ebayimg.com/images/g/4JgAAeSwJaFoBu1M/s-l140.jpg,2025-07-07
Gengar 20/62 Fossil-1St Edition Regular,$30.00,https://www.ebay.com/itm/306187181271,https://i.ebayimg.com/images/g/BHwAAeSw0Qhn2cUU/s-l140.jpg,2025-07-07
Gengar No. 094 Fossil Set Holo 1997 Japanese Pokemon Card Nintendo From Japan,$34.98,https://www.ebay.com/itm/365704120399,https://i.ebayimg.com/images/g/yqkAAOSwLO9oXgUv/s-l140.jpg,2025-07-07
Nm Gengar 20/62 Rare Vintage Unlimited Pokemon Tcg Wotc Fossil Not Played,$3.25,https://www.ebay.com/itm/317055262293,https://i.ebayimg.com/images/g/-7wAAeSwf71oZ9RS/s-l140.jpg,2025-07-07
Pok√©mon Gengar Tcg Card 20/62 Fossil Regular Unlimited Rare + Gastly,$9.99,https://www.ebay.com/itm/146689736642,https://i.ebayimg.com/images/g/pUoAAeSwnLhoaCYy/s-l140.jpg,2025-07-07
Gengar No. 094 Holo Rare Fossil Set Japanese Pokemon Card 1997 Old Back,$44.95,https://www.ebay.com/itm/357085735527,https://i.ebayimg.com/images/g/4q4AAeSwzidoSdYw/s-l140.jpg,2025-07-07
Lp-Mp 1St Edition Gengar 20/62 Fossil Set Pokemon Card Non-Holo Tcg,$24.99,https://www.ebay.com/itm/127039204620,https://i.ebayimg.com/images/g/ax0AAeSwubJn9CU5/s-l140.jpg,2025-07-07
Pok√©mon Card First Edition Fossil Gengar 1999 20/62 Psa9,$149.99,https://www.ebay.com/itm/257005942578,https://i.ebayimg.com/images/g/l-0AAeSwR4Foa0C3/s-l140.jpg,2025-07-07
Pok√©mon Tcg - Gengar 20/62 1St Edition Non-Holo - Fossil - Nm,$150.00,https://www.ebay.com/itm/405317732174,https://i.ebayimg.com/images/g/9tIAAOSw~NNnIqNw/s-l140.jpg,2025-07-07
First 1St Edition Gengar 20/62 Pokemon Card Tcg Fossil Non Holo Mp,$29.99,https://www.ebay.com/itm/267308962003,https://i.ebayimg.com/images/g/eYcAAeSw29xoOhHb/s-l140.jpg,2025-07-07
Gengar Mystery Of The Fossils Holo (Japanese),$40.00,https://www.ebay.com/itm/316754585352,https://i.ebayimg.com/images/g/pSYAAeSwKYRoFqTE/s-l140.jpg,2025-07-07
Gengar No.094 Fossil Holo Rare Old Back Japanese Pokemon Cards Game 1997,$47.29,https://www.ebay.com/itm/388662918076,https://i.ebayimg.com/images/g/4iIAAOSwi-ZoKqEW/s-l140.jpg,2025-07-07
Gengar Fossil 20/62 Pokemon Tcg Non Holo Rare Wotc Vintage 1999 Lp/Nm,$14.99,https://www.ebay.com/itm/376387519793,https://i.ebayimg.com/images/g/rjwAAeSw7H9oavZ6/s-l140.jpg,2025-07-07
Gengar Holo Pok√©mon Tcg Japanese Fossil No. 94 Ungraded,$40.43,https://www.ebay.com/itm/297093245409,https://i.ebayimg.com/images/g/U7gAAeSwvHNoYGqq/s-l140.jpg,2025-07-07
Pok√©mon Tcg Gengar First Edition Fossil 20/62 1999-2000,$45.00,https://www.ebay.com/itm/176955584115,https://i.ebayimg.com/images/g/vYEAAOSwDi5n5Cks/s-l140.jpg,2025-07-07
Gengar Mystery Of The Fossils Holo (Japanese),$38.00,https://www.ebay.com/itm/296941317417,https://i.ebayimg.com/images/g/pSoAAOSwTgdnhLEg/s-l140.jpg,2025-07-07
Gengar - 20/62 - 1St Edition Fossil - Rare - Pokemon Card - Never Played - Wotc,$40.00,https://www.ebay.com/itm/363235458226,https://i.ebayimg.com/images/g/kkQAAOSw5MFf3A85/s-l140.jpg,2025-07-07
Gengar No.094 Holo Rare Fossil Set Vintage 2000 Japanese Pokemon Card Tcg Mp C,$24.70,https://www.ebay.com/itm/365689963388,https://i.ebayimg.com/images/g/Wn8AAOSw-LxoWgLO/s-l140.jpg,2025-07-07
Gengar No.094 Holo Rare Fossil Set Vintage 2000 Japanese Pokemon Card Tcg Ex Lp,$34.00,https://www.ebay.com/itm/365715384260,https://i.ebayimg.com/images/g/oPcAAeSwrepoa3mK/s-l140.jpg,2025-07-07
Pokemon Tcg Fossil Gengar 20/62 1St Edition Non-Holo Rare Card,$25.50,https://www.ebay.com/itm/136099009407,https://i.ebayimg.com/images/g/JKAAAeSwMCJoZwKA/s-l140.jpg,2025-07-07
Gengar Holo Japanese Pokemon Mystery Of The Fossils #094 1997 15Fy,$101.81,https://www.ebay.com/itm/256944397204,https://i.ebayimg.com/images/g/0jMAAeSwERxoMSoU/s-l140.jpg,2025-07-07
Gengar No.094 Holo Rare Fossil Set Vintage 2000 Japanese Pokemon Card,$10.50,https://www.ebay.com/itm/388621821066,https://i.ebayimg.com/images/g/rooAAeSwBB1oWOuM/s-l140.jpg,2025-07-07
"Pokemon Tcg Gengar No. 094 Japanese Holo Foil, Mystery Of The Fossils (Mp)",$23.99,https://www.ebay.com/itm/135839103836,https://i.ebayimg.com/images/g/ffEAAOSwjcRoLtLj/s-l140.jpg,2025-07-07
Gengar 20/62 Fossil Regular,$7.00,https://www.ebay.com/itm/286673994242,https://i.ebayimg.com/images/g/Xc0AAeSwIidoXCk-/s-l140.jpg,2025-07-07
Gengar Lv 38 094 Old Fossil Set 1997 Pokemon Holo Mp-Hp Japanese Ver,$35.00,https://www.ebay.com/itm/388666710032,https://i.ebayimg.com/images/g/dAgAAeSwgRBoZ2~O/s-l140.jpg,2025-07-07
Pokemon Tcg Gengar Fossil #20/62 Non-Holo Rare Card Wotc,$9.50,https://www.ebay.com/itm/336009149215,https://i.ebayimg.com/images/g/T6IAAeSw21hoSc7B/s-l140.jpg,2025-07-07
1999 Pokemon Fossilgengar#20Nm7102640161,$50.00,https://www.ebay.com/itm/157055710421,https://i.ebayimg.com/images/g/wt8AAeSw8xpoPl1Y/s-l140.jpg,2025-07-07
Gengar Japanese And English Holo Foil Fossil,$49.99,https://www.ebay.com/itm/326633504264,https://i.ebayimg.com/images/g/Jf4AAeSwbjdoSiQK/s-l140.jpg,2025-07-07
1999 Pokemon Fossil Gengar #20 Holo,$42.52,https://www.ebay.com/itm/177137163022,https://i.ebayimg.com/images/g/P~IAAeSw3lpoOLqC/s-l140.jpg,2025-07-07
Gengar 20/62 Fossil Unlimited Regular 1999 Wizards Of The Coast Wotc Mp Mod Play,$9.95,https://www.ebay.com/itm/167616550875,https://i.ebayimg.com/images/g/rUYAAeSwFfloYGgX/s-l140.jpg,2025-07-07
Nm -  Pok√©mon Tcg Gengar 20/62 Fossil Set Non Holo Rare Unlimited 1999 Wotc,$14.99,https://www.ebay.com/itm/256993024430,https://i.ebayimg.com/images/g/pE4AAeSwwKRoXxM3/s-l140.jpg,2025-07-07
Pok√©mon Gengar Tcg Fossil Holo Card Japanese Edition,$1.35,https://www.ebay.com/itm/406023558832,https://i.ebayimg.com/images/g/X-8AAeSwrmhoaYWw/s-l140.jpg,2025-07-07
Gengar  20/62 Fossil Pok√©mon Card Tcg Non-Holo Rare 1999,$0.99,https://www.ebay.com/itm/396830161233,https://i.ebayimg.com/images/g/9L0AAeSwpHRoau16/s-l140.jpg,2025-07-07
Pokemon Gengar 20/62 Rare (1999 Fossil) Lp/Light Play,$15.99,https://www.ebay.com/itm/205386413489,https://i.ebayimg.com/images/g/6UYAAOSw9BJn6J-x/s-l140.jpg,2025-07-07
"Pok√©mon Tcg Gengar Fossil Card 20/62 Unlimited Rare, Lp Condition",$14.99,https://www.ebay.com/itm/157151842813,https://i.ebayimg.com/images/g/A7wAAeSwnTJoarPf/s-l140.jpg,2025-07-07
Gengar 20/62 Non Holo Wotc Pokemon Card Fossil Lp/Nm,$14.95,https://www.ebay.com/itm/357136609128,https://i.ebayimg.com/images/g/07kAAOSwFcVoVACw/s-l140.jpg,2025-07-07
Gengar Fossil Holo 1995-98 Pok√©mon Card Collection-Near Mint,$100.00,https://www.ebay.com/itm/357086093987,https://i.ebayimg.com/images/g/x~kAAeSwLwtoSem6/s-l140.jpg,2025-07-07
Pok√©mon Tcg | Gengar 20/62 | Italian | Fossil,$15.00,https://www.ebay.com/itm/127200617147,https://i.ebayimg.com/images/g/g58AAeSwgVNoXfPu/s-l140.jpg,2025-07-07
Pok√©mon - Gengar 20/66 - Fossil Unlimited - Non Holo Mp,$10.99,https://www.ebay.com/itm/235988412521,https://i.ebayimg.com/images/g/-q8AAeSwwgRnuSUG/s-l140.jpg,2025-07-07
Gengar No.094 Holo Rare Fossil Set Vintage 2000 Japanese Pokemon Card (B- Rank),$0.01,https://www.ebay.com/itm/388669996806,https://i.ebayimg.com/images/g/o6oAAeSws3loaHX4/s-l140.jpg,2025-07-07
(Ex) Gengar No.094 Fossil Holo Rare 1997 Pokemon Card Japanese Old Back Vintage,$70.00,https://www.ebay.com/itm/388224757208,https://i.ebayimg.com/images/g/3xwAAOSwGrtoGCFM/s-l140.jpg,2025-07-07
Gengar 20/62 Fossil-Unlimited Edition Regular,$14.99,https://www.ebay.com/itm/167388981753,https://i.ebayimg.com/images/g/ogoAAeSwn5xn2z9L/s-l140.jpg,2025-07-07
Pokemon Tcg - Gengar 20/62 - Fossil,$12.25,https://www.ebay.com/itm/326140347175,https://i.ebayimg.com/images/g/epYAAOSwDmxmUsOp/s-l140.jpg,2025-07-07
Gengar 094 Pok√©mon 1997 Japanese Fossil Holo Rare Card,$51.99,https://www.ebay.com/itm/157054189896,https://i.ebayimg.com/images/g/DVwAAeSwpnxoPdJW/s-l140.jpg,2025-07-07
Pokemon Tcg Gengar 20/62 Fossil Non Holo 1St Edition Mint ‚ùÑÔ∏è,$65.00,https://www.ebay.com/itm/357209661640,https://i.ebayimg.com/images/g/5eUAAeSwUidoZItP/s-l140.jpg,2025-07-07
"Pok√©mon Tcg Gengar Fossil Card 20/62 Unlimited Rare, Lp Condition",$15.00,https://www.ebay.com/itm/388665525391,https://i.ebayimg.com/images/g/YJgAAeSwYbFoZw-5/s-l140.jpg,2025-07-07
Gengar Pok√©mon Tcg  20/62 - Fossil Regular Unlimited Rare,$10.00,https://www.ebay.com/itm/167622506418,https://i.ebayimg.com/images/g/rCcAAOSwzJ1oBvPi/s-l140.jpg,2025-07-07
Pok√©mon Tcg Gengar Non Holo Fossil Card 20/62 Mp 1999 Vintage,$20.00,https://www.ebay.com/itm/286687335895,https://i.ebayimg.com/images/g/8kwAAeSwAOdoZv-U/s-l140.jpg,2025-07-07
Gengar - 20/62 - Fossil Unlimited Non Holo Rare Card Pok√©mon Tcg Wotc,$13.99,https://www.ebay.com/itm/146391494486,https://i.ebayimg.com/images/g/ZMgAAOSw~Btnr-05/s-l140.jpg,2025-07-07
Pokemon - Gengar -  Fossil - Non-Holo - 20/62 - Tcg - Unlimited,$0.99,https://www.ebay.com/itm/396830173071,https://i.ebayimg.com/images/g/NTQAAeSw~x9oau33/s-l140.jpg,2025-07-07
Swirl Holo Gengar Third Installment Of The Expanded Fossil Secret Pokemon,$114.34,https://www.ebay.com/itm/157152451147,https://i.ebayimg.com/images/g/awUAAeSwKqBoaxzL/s-l140.jpg,2025-07-07
Gengar 20/62 Rare Fossil Set Pokemon Wotc,$39.99,https://www.ebay.com/itm/326205475677,https://i.ebayimg.com/images/g/XSwAAOSwztNmmzdG/s-l140.jpg,2025-07-07
Gengar 20/62 Fossil Regular,$16.00,https://www.ebay.com/itm/205589267619,https://i.ebayimg.com/images/g/BKcAAeSwqyBoYdf0/s-l140.jpg,2025-07-07
Gengar 20/62 Fossil Rare Non-Holo Vintage Pokemon Card Hp/Dm,$14.99,https://www.ebay.com/itm/127176158093,https://i.ebayimg.com/images/g/hycAAOSwpEloTXWI/s-l140.jpg,2025-07-07
Vintage Pokemon Gengar Rare *20/62 Fossil  Lp üî• English,$7.49,https://www.ebay.com/itm/187390639320,https://i.ebayimg.com/images/g/IL8AAOSwyhpnf~3E/s-l140.jpg,2025-07-07
Gengar 20/62 Vintage Pokemon Tcg Fossil Set Lp,$14.99,https://www.ebay.com/itm/286598686922,https://i.ebayimg.com/images/g/RdkAAOSwqExoNHQ4/s-l140.jpg,2025-07-07
Pok√©mon Tcg Gengar No. 094 Fossil Holo Rare Japanese Vintage 1997,$55.00,https://www.ebay.com/itm/126916842924,https://i.ebayimg.com/images/g/~9IAAOSwgAtnntxD/s-l140.jpg,2025-07-07
Gengar 20/62 Fossil Holo,$60.00,https://www.ebay.com/itm/177248770850,https://i.ebayimg.com/images/g/T98AAeSwrF5oa1-U/s-l140.jpg,2025-07-07
"Pok√©mon Japanese Fossil Gengar,  Sabrina'S Gengar Vintage, Dark Gengar",$195.00,https://www.ebay.com/itm/316855603095,https://i.ebayimg.com/images/g/elUAAeSwsrloMdoz/s-l140.jpg,2025-07-07
Pokemon Tcg Gengar 20/62 Fossil - Non Holo Rare -  Nm,$14.00,https://www.ebay.com/itm/205551279908,https://i.ebayimg.com/images/g/u~IAAOSwguNoSLF3/s-l140.jpg,2025-07-07
Gengar 20/62 Fossil Set Non Holo Rare Pokemon Never Played Since 1999 Nm,$15.99,https://www.ebay.com/itm/125866688358,https://i.ebayimg.com/images/g/k-YAAOSwlBJkLhmC/s-l140.jpg,2025-07-07
Gengar Fossil Evolution Set Non-Holo,$15.00,https://www.ebay.com/itm/145900774628,https://i.ebayimg.com/images/g/2L8AAOSwbytmmx0P/s-l140.jpg,2025-07-07
Gengar - 20/62 - 1St Edition - Fossil Regular - Lightly Played,$35.00,https://www.ebay.com/itm/226771590764,https://i.ebayimg.com/images/g/qUoAAOSwr79oMNfC/s-l140.jpg,2025-07-07
Pokemon Tcg Gengar 20/62 Fossil Set Non Holo Unlimited Wotc Square Cut Miscut,$325.00,https://www.ebay.com/itm/267297869861,https://i.ebayimg.com/images/g/DvMAAeSwjAxoViys/s-l140.jpg,2025-07-07
Gengar 20/62 Fossil-Unlimited Edition Regular,$20.00,https://www.ebay.com/itm/326511591664,https://i.ebayimg.com/images/g/n1YAAeSwUnFn6zOF/s-l140.jpg,2025-07-07
Pokemon Tc Gengar 20/62 Fossil 1999 Rare Nintendo Game Freak,$29.50,https://www.ebay.com/itm/236186181204,https://i.ebayimg.com/images/g/RhEAAeSwnqdoaxDK/s-l140.jpg,2025-07-07
Gengar 20/62 Fossil Rare Non-Holo Card,$14.99,https://www.ebay.com/itm/306373803379,https://i.ebayimg.com/images/g/744AAeSwTmRoYazy/s-l140.jpg,2025-07-07
1999 Pokemon Fossil #20 Gengar Non-Holo Lp+,$22.94,https://www.ebay.com/itm/196910858509,https://i.ebayimg.com/images/g/MkQAAOSw6p1na2~i/s-l140.jpg,2025-07-07
Pok√©mon Gengar Fossil 20/62 Non-Holo Unlimited Rare Card,$14.00,https://www.ebay.com/itm/405926787506,https://i.ebayimg.com/images/g/~EcAAeSw4lBoQQjo/s-l140.jpg,2025-07-07
Gengar Mystery Of The Fossils Holo (Japanese) Swirl,$85.00,https://www.ebay.com/itm/177012548824,https://i.ebayimg.com/images/g/2P8AAOSwN5Fn~dgI/s-l140.jpg,2025-07-07
1St Edition Gengar 20/62 Fossil Set 1999 Pokemon - Lp/Nm Card Free Shipping !,$34.99,https://www.ebay.com/itm/267252804532,https://i.ebayimg.com/images/g/Ar4AAeSwgLhoJ3pp/s-l140.jpg,2025-07-07
Gengar 20/62 Fossil Regular,$10.00,https://www.ebay.com/itm/236145363248,https://i.ebayimg.com/images/g/xz4AAeSwRm5oSOVx/s-l140.jpg,2025-07-07
Pokemon Tcg Wotc Fossil Gengar 20/62 1St Edition Non Holo Rare Vintage,$34.99,https://www.ebay.com/itm/134832591586,https://i.ebayimg.com/images/g/3HkAAOSwC41lZ4qG/s-l140.jpg,2025-07-07
Gengar 20/62 Fossil Set Non-Holo Rare Pokemon Card  1999,$15.00,https://www.ebay.com/itm/376381774287,https://i.ebayimg.com/images/g/j5EAAeSwpypoZwGH/s-l140.jpg,2025-07-07
Pok√©mon Tcg Gengar Fossil 20/62 Regular Unlimited Rare,$18.00,https://www.ebay.com/itm/396715131983,https://i.ebayimg.com/images/g/o88AAOSwcY9nRlGf/s-l140.jpg,2025-07-07
Pok√©mon Tcg Gengar Fossil Set Unlimited Non Holo Rare 20/62 Nm,$19.99,https://www.ebay.com/itm/236081632697,https://i.ebayimg.com/images/g/GFcAAeSwc9FoFA4q/s-l140.jpg,2025-07-07
Gengar 20/62 Rare Non Holo Fossil Unlimited Mp,$9.99,https://www.ebay.com/itm/365378719817,https://i.ebayimg.com/images/g/9O4AAOSw47xnojEH/s-l140.jpg,2025-07-07
Gengar Fossil Pokemon 1999 Trading Card 20/62,$19.99,https://www.ebay.com/itm/226836005835,https://i.ebayimg.com/images/g/cBwAAOSwTUJoXamU/s-l140.jpg,2025-07-07
1999 Pok√©mon Gengar Fossil 20/62 Non-Holo Rare Unlimited,$12.99,https://www.ebay.com/itm/365680817882,https://i.ebayimg.com/images/g/TIsAAeSwQZtoU36r/s-l140.jpg,2025-07-07
Gengar (20/62) [Fossil Unlimited] Near Mint,$19.68,https://www.ebay.com/itm/388652257671,https://i.ebayimg.com/images/g/JScAAeSwhe9oYyG6/s-l140.jpg,2025-07-07
Pokemon/Gengar/Fossil/English,$40.00,https://www.ebay.com/itm/294081443419,https://i.ebayimg.com/images/g/Js8AAOSwS-ZgWowP/s-l140.jpg,2025-07-07
Gengar Mystery Of The Fossils Holo (Japanese),$56.54,https://www.ebay.com/itm/226730418110,https://i.ebayimg.com/images/g/mNcAAeSwJaFoE5CM/s-l140.jpg,2025-07-07
Pok√©mon Gengar Tcg 20/62 Fossil 1999-2000 Regular Card,$15.20,https://www.ebay.com/itm/135835647146,https://i.ebayimg.com/images/g/ud8AAeSwJfFoLjOv/s-l140.jpg,2025-07-07
Pokemon Tcg Gengar 20/62 Fossil Set Non Holo Rare Unlimited 1999 Vintage,$14.99,https://www.ebay.com/itm/326541059409,https://i.ebayimg.com/images/g/SEkAAOSwef5oBE5-/s-l140.jpg,2025-07-07
Pokemon Tcg - Gengar 20/62 Fossil Regular Unlimited - Nm/Lp,$18.96,https://www.ebay.com/itm/177218445351,https://i.ebayimg.com/images/g/iqgAAOSwf5hoV3Bu/s-l140.jpg,2025-07-07
Pok√©mon Gengar Tcg Card 20/62 Fossil Non-Holo,$9.56,https://www.ebay.com/itm/136085539810,https://i.ebayimg.com/images/g/NekAAeSw9IRoWlM6/s-l140.jpg,2025-07-07
Gengar 20/62 Fossil Regular,$8.99,https://www.ebay.com/itm/388621028180,https://i.ebayimg.com/images/g/8SIAAeSwgEdoWKia/s-l140.jpg,2025-07-07
Pokemon Card Gengar No.094 Fossil Holo Rare 1997 Japanese Old Back Vintage Mp,$44.33,https://www.ebay.com/itm/406023671272,https://i.ebayimg.com/images/g/Yr8AAeSwff5oRBH6/s-l140.jpg,2025-07-07
Gengar 20/62 Fossil Pokemon Card,$7.99,https://www.ebay.com/itm/356582797416,https://i.ebayimg.com/images/g/WNoAAeSwvm5ns11R/s-l140.jpg,2025-07-07
Gengar 20/62 Fossil Regular,$15.00,https://www.ebay.com/itm/405860743451,https://i.ebayimg.com/images/g/oIkAAeSwBFVoIn2L/s-l140.jpg,2025-07-07
Rare Holo ‚ú®1996 - Gengar Mystery Of The Fossils Holo (Japanese) - 094,$50.00,https://www.ebay.com/itm/167283072435,https://i.ebayimg.com/images/g/a2sAAOSwL9hnmuPH/s-l140.jpg,2025-07-07
Fossil  Gengar,$8.99,https://www.ebay.com/itm/364804902013,https://i.ebayimg.com/images/g/hkwAAOSwCPxl~nrX/s-l140.jpg,2025-07-07
Gengar 20/62 Fossil Regular,$50.00,https://www.ebay.com/itm/286685129142,https://i.ebayimg.com/images/g/SoUAAeSw0tBoZWDf/s-l140.jpg,2025-07-07
Pok√©mon Tcg 99-2000 Ectoplasma 20/62 Fossil Rare French Gengar Lp-Mint,$170.00,https://www.ebay.com/itm/177218691372,https://i.ebayimg.com/images/g/1bMAAeSwbjdoWeNY/s-l140.jpg,2025-07-07
Gengar Pokemon Fossil #20 1999 0Wq1,$17.79,https://www.ebay.com/itm/236076461477,https://i.ebayimg.com/images/g/aY8AAeSwLzloD-Or/s-l140.jpg,2025-07-07
Gengar 20/62 Fossil Regular Pok√©mon,$10.00,https://www.ebay.com/itm/257001414067,https://i.ebayimg.com/images/g/qCEAAeSwt1loVHrW/s-l140.jpg,2025-07-07
Gengar No. 094 Japanese Holo Rare Pokemon Tcg Card Mystery Of The Fossils,$35.00,https://www.ebay.com/itm/355939333773,https://i.ebayimg.com/images/g/NYkAAOSwKc9mtblu/s-l140.jpg,2025-07-07
Gengar #94 Pok√©mon Japanese Mystery Of The Fossils Holo Rare,$70.00,https://www.ebay.com/itm/146617702166,https://i.ebayimg.com/images/g/UCcAAeSwPG5oOyLQ/s-l140.jpg,2025-07-07
Gengar Fossil 20/62 Regular Unlimited Rare Pokemon Card Wotc G2,$14.99,https://www.ebay.com/itm/387364908596,https://i.ebayimg.com/images/g/casAAOSwQXdm25Qu/s-l140.jpg,2025-07-07
Pok√©mon Gengar Tcg Fossil Holo Card,$250.00,https://www.ebay.com/itm/357037161188,https://i.ebayimg.com/images/g/mVUAAeSwUFtoQQdA/s-l140.jpg,2025-07-07
Gengar No.094 1997 Fossil Pokemon Card Japanese Old Back Vintage Holo Rare,$34.99,https://www.ebay.com/itm/365094028451,https://i.ebayimg.com/images/g/6x0AAOSwNwhoKD14/s-l140.jpg,2025-07-07
Old Secret Gengar 3Rd Expansion Pack: The Of Fossils Japan Ship,$77.99,https://www.ebay.com/itm/388594114523,https://i.ebayimg.com/images/g/22cAAeSwV4loUO4w/s-l140.jpg,2025-07-07
Gengar Pokemon Fossil 05/62,$60.00,https://www.ebay.com/itm/353698156355,https://i.ebayimg.com/images/g/A00AAOSwjr9hLsoo/s-l140.jpg,2025-07-07
Gengar - 20/62 - Fossil - Rare - Pokemon Card - Nm,$49.95,https://www.ebay.com/itm/163681731951,https://i.ebayimg.com/images/g/ETIAAOSwsTJc0xal/s-l140.jpg,2025-07-07
Gengar #20 Pokemon Fossil!,$10.99,https://www.ebay.com/itm/396792173515,https://i.ebayimg.com/images/g/rH0AAeSwJfloXedx/s-l140.jpg,2025-07-07
Gengar  Fossil Set Pokemon Card 20/62 Non-Holo Tcg Wotc Vintage,$19.75,https://www.ebay.com/itm/146134697080,https://i.ebayimg.com/images/g/o88AAOSw8K9nHrpA/s-l140.jpg,2025-07-07
Pok√©mon Tcg Gengar Fossil 20/62 Regular Unlimited Rare,$7.00,https://www.ebay.com/itm/326236805378,https://i.ebayimg.com/images/g/ZhoAAOSwhkhmwUeE/s-l140.jpg,2025-07-07
Fossil #20/62 Gengar (20),$15.00,https://www.ebay.com/itm/365479898565,https://i.ebayimg.com/images/g/rwMAAeSwab5n4V2u/s-l140.jpg,2025-07-07
Gengar 20/62 Fossil Regular,$15.00,https://www.ebay.com/itm/356895901970,https://i.ebayimg.com/images/g/juAAAeSwZbVoJPRZ/s-l140.jpg,2025-07-07
Gengar 20/62 Fossil Regular,$8.37,https://www.ebay.com/itm/167592490400,https://i.ebayimg.com/images/g/sPwAAeSw8ptoUJX0/s-l140.jpg,2025-07-07
1999 Pokemon Gengar 20/62 Fossil Regular,$15.00,https://www.ebay.com/itm/127216156552,https://i.ebayimg.com/images/g/NAcAAeSwbqJoXGkU/s-l140.jpg,2025-07-07
Gengar 20/62 Fossil Regular,$9.99,https://www.ebay.com/itm/306054132732,https://i.ebayimg.com/images/g/TpoAAOSwIp5njvEI/s-l140.jpg,2025-07-07
Gengar 20/62 Fossil Regular Pok√©mon,$12.00,https://www.ebay.com/itm/257001414895,https://i.ebayimg.com/images/g/XOoAAeSwN-ZoVHtQ/s-l140.jpg,2025-07-07
"Japanese Pokemon Mystery Of The Fossils Tcg - Ghastly, Haunter, Gengar (Nm)",$99.99,https://www.ebay.com/itm/297454200228,https://i.ebayimg.com/images/g/EBkAAeSwR4Foasl-/s-l140.jpg,2025-07-07
Gengar 20/62 Fossil Regular,$8.00,https://www.ebay.com/itm/356655642579,https://i.ebayimg.com/images/g/~JcAAeSwrQVn0HST/s-l140.jpg,2025-07-07
Pok√©mon Card Gengar Fossil Rare 20/62,$14.99,https://www.ebay.com/itm/396695513850,https://i.ebayimg.com/images/g/UwYAAeSwLe1oQPdx/s-l140.jpg,2025-07-07
Pok√©mon Tcg Gengar #20/62 Fossil Regular,$7.00,https://www.ebay.com/itm/167161849024,https://i.ebayimg.com/images/g/njQAAOSwYI1nVmOo/s-l140.jpg,2025-07-07
Pokemon Tcg Gengar Fossil 20/62 Rare,$10.00,https://www.ebay.com/itm/267100783692,https://i.ebayimg.com/images/g/tZcAAOSw8R1nYz2r/s-l140.jpg,2025-07-07
Gengar Mystery Of The Fossils Holo (Japanese),$50.00,https://www.ebay.com/itm/396540584117,https://i.ebayimg.com/images/g/ddwAAeSw~ZRoDnOh/s-l140.jpg,2025-07-07
Gengar (20/62)¬†Fossil Unlimited‚Äã -¬†Lightly Played Pokemon Tcg,$17.82,https://www.ebay.com/itm/336002073967,https://i.ebayimg.com/images/g/ZD0AAeSw4lBoRQPY/s-l140.jpg,2025-07-07
Gengar Mystery Of The Fossils Holo (Japanese),$120.00,https://www.ebay.com/itm/405897686231,https://i.ebayimg.com/images/g/VR0AAeSwFPBoM3iM/s-l140.jpg,2025-07-07
Gengar 20/62 Fossil-1St Edition Regular,$30.00,https://www.ebay.com/itm/286494648189,https://i.ebayimg.com/images/g/zDwAAeSwjGhoAA9Q/s-l140.jpg,2025-07-07
Fossil Set Holo Gengar Good Condition,$50.00,https://www.ebay.com/itm/354617796191,https://i.ebayimg.com/images/g/-3wAAOSw4kZj~qnA/s-l140.jpg,2025-07-07
Gengar Non Holo 20/62 Fossil Regular (Very Clean) Rare Vintage,$12.99,https://www.ebay.com/itm/396833340954,https://i.ebayimg.com/images/g/peMAAOSwXGJoWyVm/s-l140.jpg,2025-07-07
Pokemon Tcg - Gengar - 20/62 - Fossil - Mp Unlimited Rare (1999),$14.70,https://www.ebay.com/itm/277244133491,https://i.ebayimg.com/images/g/g8UAAeSwk-xoYx9i/s-l140.jpg,2025-07-07
Gengar No. 094 Holo Fossil Set Japanese Pokemon Card Nintendo From Japan,$33.98,https://www.ebay.com/itm/365680521419,https://i.ebayimg.com/images/g/JzUAAOSwreZoUmxM/s-l140.jpg,2025-07-07
First Ist Edition Gengar 20/62 Pokemon Card Tcg Fossil Non Holo,$27.99,https://www.ebay.com/itm/157132323698,https://i.ebayimg.com/images/g/OdoAAeSwDDBoX0MQ/s-l140.jpg,2025-07-07
Gengar Fossil 20/62 Regular Unlimited Rare Pokemon Card Wotc,$14.99,https://www.ebay.com/itm/386912966954,https://i.ebayimg.com/images/g/K5QAAOSwcVNmEFDk/s-l140.jpg,2025-07-07
Gengar 20/62 Fossil Regular,$15.00,https://www.ebay.com/itm/167374440459,https://i.ebayimg.com/images/g/et4AAeSw0adn0vq2/s-l140.jpg,2025-07-07
Gengar 20/62 Fossil Non Holo Pokemon Tcg Wotc,$11.95,https://www.ebay.com/itm/116534877842,https://i.ebayimg.com/images/g/3fIAAeSwK5Nn40Rh/s-l140.jpg,2025-07-07
Gengar German 1St Ed. Pokemon Fossil #20 1999 15Fy,$91.62,https://www.ebay.com/itm/335961450226,https://i.ebayimg.com/images/g/EbsAAeSwjoxoJRfz/s-l140.jpg,2025-07-07
Gengar 20/62 Fossil Regular,$300.00,https://www.ebay.com/itm/157116608731,https://i.ebayimg.com/images/g/LKkAAeSwObpoVcdR/s-l140.jpg,2025-07-07
Complete Japanese Pokemon Fossil Set 48/48 Mew Gengar Dragonite Zapdos Raichu,$274.95,https://www.ebay.com/itm/226810503043,https://i.ebayimg.com/images/g/2UoAAOSwXcFjOlqC/s-l140.jpg,2025-07-07
Lp-) Gengar  No.094 Fossil Pokemon Card Japanese Z114-254,$39.99,https://www.ebay.com/itm/177213961099,https://i.ebayimg.com/images/g/EIIAAOSw57loBsJJ/s-l140.jpg,2025-07-07
Gengar Holo Pokemon #94 Japanese 1997 Fossil Ccg Game Card Rare!,$49.95,https://www.ebay.com/itm/385959397889,https://i.ebayimg.com/images/g/8bgAAOSwMAhkjZ10/s-l140.jpg,2025-07-07
Gengar German 1St Ed. Pokemon Fossil #20 1999 15Fy,$91.62,https://www.ebay.com/itm/256932217515,https://i.ebayimg.com/images/g/8FkAAeSwaMNoJReq/s-l140.jpg,2025-07-07
Pok√©mon Tcg Gengar Fossil 20/62 Regular,$10.00,https://www.ebay.com/itm/135606635847,https://i.ebayimg.com/images/g/sPAAAOSwuGhny7nr/s-l140.jpg,2025-07-07
Gengar 20/62 Fossil-Unlimited Edition Regular,$9.00,https://www.ebay.com/itm/156926039306,https://i.ebayimg.com/images/g/zXEAAeSwSJFoCxiz/s-l140.jpg,2025-07-07
"1999 Pokemon Fossil Gastly, Haunter And Gengar",$70.00,https://www.ebay.com/itm/286596743084,https://i.ebayimg.com/images/g/4dAAAeSw6oNoM2YT/s-l140.jpg,2025-07-07
Gengar No.094 Fossil Set Holo Rare Old Back Lp Japanese Pokemon Card,$47.14,https://www.ebay.com/itm/365705154550,https://i.ebayimg.com/images/g/~cAAAOSwWGpoQo8Z/s-l140.jpg,2025-07-07
Gengar 20/62 Fossil Regular,$8.99,https://www.ebay.com/itm/317028554271,https://i.ebayimg.com/images/g/6vAAAeSw8n9oW2Sv/s-l140.jpg,2025-07-07
Lp+ Gengar Reg. Rare 20/62 Fossil Set Pokemon Card,$14.00,https://www.ebay.com/itm/316136341549,https://i.ebayimg.com/images/g/g0sAAOSwollnZJ30/s-l140.jpg,2025-07-07
Gengar Fossil 20/62 Lp Exellent Condition,$17.56,https://www.ebay.com/itm/186914476446,https://i.ebayimg.com/images/g/jZ8AAOSwCK1njwXq/s-l140.jpg,2025-07-07
Gengar Fossil Holo 1St Edition Lpmp,$199.99,https://www.ebay.com/itm/135712469964,https://i.ebayimg.com/images/g/bpwAAOSwLB5oD7Sx/s-l140.jpg,2025-07-07
Gengar 20/62 Fossil Regular,$35.00,https://www.ebay.com/itm/357191596645,https://i.ebayimg.com/images/g/qWkAAeSwA91oYDbA/s-l140.jpg,2025-07-07
Gengar #94 Pokemon Japanese Mystery Of The Fossils,$105.00,https://www.ebay.com/itm/156935729300,https://i.ebayimg.com/images/g/GWYAAOSwl7ZoD0QW/s-l140.jpg,2025-07-07
Pokemon Gengar (20) Nm 1St Edition Normal Fossil,$70.99,https://www.ebay.com/itm/306232923185,https://i.ebayimg.com/images/g/28wAAeSw7Rhn9aNc/s-l140.jpg,2025-07-07
1999 Gengar Holo Pokemon Card Fossil 05/62 Vintage Psa Autheticated,$550.00,https://www.ebay.com/itm/235883844743,https://i.ebayimg.com/images/g/tnYAAOSwg~FnavrI/s-l140.jpg,2025-07-07
Pok√©mon Tcg Gengar 20/62 Rare Fossil Unlimited Vintage,$13.64,https://www.ebay.com/itm/167271379656,https://i.ebayimg.com/images/g/NBMAAOSwO6Nnkx61/s-l140.jpg,2025-07-07
Gengar Italian Pokemon Fossil #20 1999 09If,$33.89,https://www.ebay.com/itm/335946253948,https://i.ebayimg.com/images/g/IIsAAeSwe8hoGF7Z/s-l140.jpg,2025-07-07
Gengar No.094 Holo Rare Fossil Set Vintage 2000 Japanese Pokemon Card E128,$44.95,https://www.ebay.com/itm/146646660265,https://i.ebayimg.com/images/g/fPcAAeSw6rloTDCR/s-l140.jpg,2025-07-07
Gengar 94 Mystery Of The Fossils Holo (Japanese) - Must Have Vintage Pok√©mon!,$42.99,https://www.ebay.com/itm/406026589903,https://i.ebayimg.com/images/g/rZ8AAeSwVFtoPRbB/s-l140.jpg,2025-07-07
Gengar 20/62 Fossil Regular,$14.31,https://www.ebay.com/itm/236135694978,https://i.ebayimg.com/images/g/0aoAAOSwDntoP603/s-l140.jpg,2025-07-07
Gengar 20/62 Non Holo Rare Vintage Unlimited Lp 1999 Pokemon Tcg Wotc Fossil,$11.00,https://www.ebay.com/itm/135665938792,https://i.ebayimg.com/images/g/lcYAAeSwULhn7DoN/s-l140.jpg,2025-07-07
Gengar No. 094 Fossil Holo Japanese Pokemon Card,$54.59,https://www.ebay.com/itm/157116624489,https://i.ebayimg.com/images/g/LhsAAOSwTdhoVcme/s-l140.jpg,2025-07-07
Pokemon Tcg Fossil Set Gengar Non Holo Rare Nm,$30.00,https://www.ebay.com/itm/316447766882,https://i.ebayimg.com/images/g/zf4AAeSw7vBnyLTh/s-l140.jpg,2025-07-07
Pokemon Tcg Gengar Mystery Of The Fossils Holo (Japanese) No.094 Vintage,$50.00,https://www.ebay.com/itm/388483581602,https://i.ebayimg.com/images/g/SbQAAeSwScZoWxlY/s-l140.jpg,2025-07-07
Gengar 20/62 Fossil Regular,$7.50,https://www.ebay.com/itm/296880098403,https://i.ebayimg.com/images/g/r~YAAOSwQ0tnCgb-/s-l140.jpg,2025-07-07
Gengar - Japanese Fossil Set - No. 094 - Holo Rare - Pokemon Card - Nm,$74.95,https://www.ebay.com/itm/163748368952,https://i.ebayimg.com/images/g/RrYAAOSwihldDttg/s-l140.jpg,2025-07-07
Gengar 20/62 Fossil Regular,$10.00,https://www.ebay.com/itm/236086241811,https://i.ebayimg.com/images/g/dzUAAeSwgBhoGBrW/s-l140.jpg,2025-07-07
Gengar 20/62 - Fossil Regular - Pokemon Tcg,$12.99,https://www.ebay.com/itm/335965355280,https://i.ebayimg.com/images/g/6qoAAOSwE5poKA8P/s-l140.jpg,2025-07-07
Gengar 20/62 Fossil-Unlimited Edition Regular,$7.99,https://www.ebay.com/itm/127007807859,https://i.ebayimg.com/images/g/Ag8AAeSwgB9n3imT/s-l140.jpg,2025-07-07
Gengar 20/62 Fossil Regular,$10.00,https://www.ebay.com/itm/336045517120,https://i.ebayimg.com/images/g/buQAAeSwICZoZVO3/s-l140.jpg,2025-07-07
Gengar 1999 Pokemon Fossil  Rare Non-Holo Foil 20/62,$20.00,https://www.ebay.com/itm/355870836024,https://i.ebayimg.com/images/g/bYAAAOSwNuRmlF~H/s-l140.jpg,2025-07-07
#20/62  Gengar Fossil-1St Edition 1999 Pok√©mon,$89.00,https://www.ebay.com/itm/256610662439,https://i.ebayimg.com/images/g/UGsAAeSwND1nr7NA/s-l140.jpg,2025-07-07
Gengar Mystery Of The Fossils Holo (Japanese),$100.00,https://www.ebay.com/itm/226713431773,https://i.ebayimg.com/images/g/zMkAAeSwIFtoBZv1/s-l140.jpg,2025-07-07
Gengar 20/62 Fossil-Unlimited Edition Regular Rare Non Holo Nm-,$19.99,https://www.ebay.com/itm/267200305417,https://i.ebayimg.com/images/g/ccwAAOSwYExn4zDa/s-l140.jpg,2025-07-07
Gengar Mystery Of The Fossils Holo (Japanese),$47.99,https://www.ebay.com/itm/405850898902,https://i.ebayimg.com/images/g/hgsAAOSwtrFoHitZ/s-l140.jpg,2025-07-07
Gengar Holo No.094 Fossil - Japanese Pokemon Card - 1997,$59.99,https://www.ebay.com/itm/316665375807,https://i.ebayimg.com/images/g/6GUAAeSwbtRn~zsb/s-l140.jpg,2025-07-07
Lp+ 1999 Pokemon Tcg Wotc Fossil Gengar 20/62 Non Holo Rare Unlimited 20/62,$11.00,https://www.ebay.com/itm/405382145974,https://i.ebayimg.com/images/g/r80AAOSw8QlnRjbJ/s-l140.jpg,2025-07-07
Pokemon Tcg Cards Gengar 20/62 Fossil Rare,$31.46,https://www.ebay.com/itm/127209683466,https://i.ebayimg.com/images/g/C-IAAeSwICZoZPyZ/s-l140.jpg,2025-07-07
Gengar 20/62 Fossil Regular,$15.00,https://www.ebay.com/itm/236152396237,https://i.ebayimg.com/images/g/3eEAAeSwkS9oT1a7/s-l140.jpg,2025-07-07
Pokemon Tcg Gengar 20/62 Rare Fossil Set,$7.00,https://www.ebay.com/itm/284599007184,https://i.ebayimg.com/images/g/t-IAAOSwmvJh1PGL/s-l140.jpg,2025-07-07
Pok√©mon Tcg Gengar Fossil 20 Regular Unlimited Rare,$10.00,https://www.ebay.com/itm/155703643703,https://i.ebayimg.com/images/g/gswAAOSwvfVkzbHP/s-l140.jpg,2025-07-07
Gengar Pokemon Fossil Non Holo Rare 20/62,$14.99,https://www.ebay.com/itm/146420141416,https://i.ebayimg.com/images/g/cy0AAeSwVVdnwdC-/s-l140.jpg,2025-07-07
Pok√©mon Gengar 20/62 Rare Fossil Non-Holo Card 1999 Wotc Nm,$12.00,https://www.ebay.com/itm/326133258554,https://i.ebayimg.com/images/g/3VwAAOSw8O5mSrTL/s-l140.jpg,2025-07-07
Gengar No.094 Fossil 1997 Holo Rare Vintage Old Back Japanese Pokemon Card Mp,$45.00,https://www.ebay.com/itm/388585311704,https://i.ebayimg.com/images/g/77MAAOSwU2JoTtCh/s-l140.jpg,2025-07-07
1999 Pokemon Fossil Gengar #20,$23.75,https://www.ebay.com/itm/388575986774,https://i.ebayimg.com/images/g/hdkAAOSwQhloTEJp/s-l140.jpg,2025-07-07
Pokemon Tcg Gengar Holo Japanese Fossil 094 Rare Lp,$24.99,https://www.ebay.com/itm/225628184116,https://i.ebayimg.com/images/g/ZZ4AAOSwuF5kkTyx/s-l140.jpg,2025-07-07
Pokemon Gengar Fossil Non-Holo Rare 20/62,$14.99,https://www.ebay.com/itm/286419406449,https://i.ebayimg.com/images/g/NbQAAeSwR-Fn2b3f/s-l140.jpg,2025-07-07
"Near Mint Rare Fossil 1995, 96, 98 Gengar 20/62",$45.99,https://www.ebay.com/itm/177113543692,https://i.ebayimg.com/images/g/fAQAAeSwWX5oLm9D/s-l140.jpg,2025-07-07
Gengar Holo Fossil No. 094 Mp Japanese Pokemon Card A78,$34.99,https://www.ebay.com/itm/306173835881,https://i.ebayimg.com/images/g/4uAAAeSwG7Vn0MA2/s-l140.jpg,2025-07-07
Gengar 20/62 Fossil Rare Pokemon Card From 1999,$11.99,https://www.ebay.com/itm/187326264976,https://i.ebayimg.com/images/g/aa0AAOSwIcRoS3~a/s-l140.jpg,2025-07-07
Gengar 20/62 Rare Unlimited Pok√©mon Trading Card Fossil Near Mint,$15.99,https://www.ebay.com/itm/115386566659,https://i.ebayimg.com/images/g/sDoAAOSwqm1ig0Ef/s-l140.jpg,2025-07-07
Pokemon 2000 Gengar 20/62 Fossil Non Holo Rare,$14.99,https://www.ebay.com/itm/306301645330,https://i.ebayimg.com/images/g/qgoAAOSwox9oI~5y/s-l140.jpg,2025-07-07
Pok√©mon Tcg Gengar Fossil 20/62 Regular Unlimited Rare Lp,$10.00,https://www.ebay.com/itm/315123888005,https://i.ebayimg.com/images/g/b5MAAOSwkwhltbKn/s-l140.jpg,2025-07-07
Gengar Fossil Set Pokemon Tcg,$16.00,https://www.ebay.com/itm/226749506567,https://i.ebayimg.com/images/g/WaAAAeSwaqVoIwbc/s-l140.jpg,2025-07-07
Gengar 20/62 Fossil Set 1St Edition Pokemon Tcg Ccg 1999 Nm,$69.99,https://www.ebay.com/itm/325906469106,https://i.ebayimg.com/images/g/CCgAAOSwIC5lZoJy/s-l140.jpg,2025-07-07
Pokemon Card - Gengar 1997 Fossil #094 Japanese Holo,$170.00,https://www.ebay.com/itm/286256386428,https://i.ebayimg.com/images/g/LDIAAOSwujBmKPeu/s-l140.jpg,2025-07-07
Gengar 20/62 Fossil Non Holo Vintage Wotc Pokemon Card Nm,$15.00,https://www.ebay.com/itm/177173053259,https://i.ebayimg.com/images/g/GNUAAeSwBLJoRgE0/s-l140.jpg,2025-07-07
Pokemon Card Gengar 20/62 Fossil Ita Good,$69.83,https://www.ebay.com/itm/197247116392,https://i.ebayimg.com/images/g/kkQAAOSw5w5mq-~g/s-l140.jpg,2025-07-07
1999 Pokemon Fossil Gengar 20/62 Nm/Mt Condition,$40.00,https://www.ebay.com/itm/364302211503,https://i.ebayimg.com/images/g/gJoAAOSwIsJkigyH/s-l140.jpg,2025-07-07
Gengar 20/62 Rare Fossil Unlimited Pokemon Card 1999 Tcg Wotc Lp,$17.99,https://www.ebay.com/itm/365392989438,https://i.ebayimg.com/images/g/wi8AAOSweL5nrAfU/s-l140.jpg,2025-07-07
Gengar Mystery Of The Fossils Holo (Japanese),$100.00,https://www.ebay.com/itm/396163548071,https://i.ebayimg.com/images/g/nmcAAOSwlwNnnCx3/s-l140.jpg,2025-07-07
Gengar 20/62 Fossil-Unlimited Edition Regular,$150.00,https://www.ebay.com/itm/365518550893,https://i.ebayimg.com/images/g/nZwAAeSw4CRn9fJt/s-l140.jpg,2025-07-07
Pok√©mon Tcg Gengar 20/62 Non Holo Fossil Mp,$4.41,https://www.ebay.com/itm/388661382477,https://i.ebayimg.com/images/g/2OMAAeSw2ANoZeQH/s-l140.jpg,2025-07-07
[Mp] Gengar #94 Japanese Fossil Holo Rare Vintage Old Back,$31.25,https://www.ebay.com/itm/388287864023,https://i.ebayimg.com/images/g/gDkAAeSw5A9oAyIw/s-l140.jpg,2025-07-07
Gengar Old Back No. 094 The Secret Of Fossils Promo Retro Rare Pokemon Card Game,$205.52,https://www.ebay.com/itm/157152450746,https://i.ebayimg.com/images/g/pUwAAeSwbchoaxyu/s-l140.jpg,2025-07-07
Gengar 20/62 Fossil Regular,$12.00,https://www.ebay.com/itm/187360428689,https://i.ebayimg.com/images/g/Q2QAAeSwLCpoWbfJ/s-l140.jpg,2025-07-07
Gengar 20/62 Fossil Regular,$16.85,https://www.ebay.com/itm/226400133194,https://i.ebayimg.com/images/g/F-0AAOSw6~9nDU7k/s-l140.jpg,2025-07-07
Fossil  Gengar,$10.00,https://www.ebay.com/itm/235928566161,https://i.ebayimg.com/images/g/pLcAAOSwwaRnk-b3/s-l140.jpg,2025-07-07
Pok√©mon Gengar Tcg Fossil Holo,$85.00,https://www.ebay.com/itm/156833569122,https://i.ebayimg.com/images/g/ElQAAeSw7nJn5KLw/s-l140.jpg,2025-07-07
Gengar 20/62 Fossil Regular,$80.00,https://www.ebay.com/itm/405553673396,https://i.ebayimg.com/images/g/5f0AAeSwo9xnslvf/s-l140.jpg,2025-07-07
Pok√©mon Tcg Gengar Fossil 20 Regular 1St Edition Rare,$22.90,https://www.ebay.com/itm/364241606157,https://i.ebayimg.com/images/g/rdUAAOSwb5FkUXgv/s-l140.jpg,2025-07-07
Pok√©mon Tcg - Gengar 20/62 Fossil,$22.06,https://www.ebay.com/itm/176944211879,https://i.ebayimg.com/images/g/kIkAAeSw31Fn3p9Z/s-l140.jpg,2025-07-07
Gengar 1999 Fossil #20/62 Unlimited Raw Tcg Near Mint,$30.00,https://www.ebay.com/itm/365546709474,https://i.ebayimg.com/images/g/VbsAAeSwUfVoAqvl/s-l140.jpg,2025-07-07
Gengar 20/62 Fossil-Unlimited Edition Regular,$10.00,https://www.ebay.com/itm/316711039614,https://i.ebayimg.com/images/g/oCMAAeSwAoxoCpLC/s-l140.jpg,2025-07-07
Nm Gengar Reg. 20/62 Fossil Unlimited Set Pokemon Card,$20.00,https://www.ebay.com/itm/376205478112,https://i.ebayimg.com/images/g/c7wAAOSwiJ1n6dd1/s-l140.jpg,2025-07-07
Gengar 20/62 Fossil Regular,$15.00,https://www.ebay.com/itm/167369258697,https://i.ebayimg.com/images/g/UToAAeSwX8Vnz-vf/s-l140.jpg,2025-07-07
Gengar No.94 Fossil Set Old Back Vintage Pokemon Card Japan,$120.00,https://www.ebay.com/itm/257001621220,https://i.ebayimg.com/images/g/Q9MAAeSw1sJoZyiw/s-l140.jpg,2025-07-07
1999 Pokemon Fossil #20 Gengar Non-Holo Ksa 10 Gem Mint,$110.49,https://www.ebay.com/itm/197135609991,https://i.ebayimg.com/images/g/j-gAAOSw0oZn3lrv/s-l140.jpg,2025-07-07
Gengar No.094 Fossil Set Rare Holo Pokemon Japanese Vintage 2000 Card Mp,$44.11,https://www.ebay.com/itm/297408936531,https://i.ebayimg.com/images/g/SfUAAeSwYVFoTHRy/s-l140.jpg,2025-07-07
Gengar 20/62 Fossil Regular,$150.00,https://www.ebay.com/itm/405346241136,https://i.ebayimg.com/images/g/dDsAAOSwAYlnMqaM/s-l140.jpg,2025-07-07
Gengar (No.094) Fossil Set 1997 - Japanese Pokemon Card | Exc,$70.66,https://www.ebay.com/itm/388676724188,https://i.ebayimg.com/images/g/M~MAAeSwzxBoarhG/s-l140.jpg,2025-07-07
Pokemon Wotc Card - Gengar - Fossil Set - Non-Holo Rare - 20/62 - Nm-Lp,$21.16,https://www.ebay.com/itm/226838662326,https://i.ebayimg.com/images/g/pAsAAeSwTmRoX~of/s-l140.jpg,2025-07-07
Gengar 20/62 Fossil Regular,$15.00,https://www.ebay.com/itm/146073673357,https://i.ebayimg.com/images/g/ATEAAOSwJhxm~ZSN/s-l140.jpg,2025-07-07
Gengar English Vintage Pokemon Card Rare Holo Lightly Played Fossil,$94.21,https://www.ebay.com/itm/375959960344,https://i.ebayimg.com/images/g/XW0AAeSwfh9oJ1Mi/s-l140.jpg,2025-07-07
Pok√©mon Tcg Gengar Fossil 20/62 Regular 1St Edition Rare,$140.00,https://www.ebay.com/itm/146015707290,https://i.ebayimg.com/images/g/9yoAAOSwBuRm33j7/s-l140.jpg,2025-07-07
Pokemon Card Gengar 20/62 1St Edition Fossil Vintage Rare Non-Holo Lp 1999,$73.71,https://www.ebay.com/itm/226831675774,https://i.ebayimg.com/images/g/IR4AAOSwdj1oWmUC/s-l140.jpg,2025-07-07
1St Edition Gengar Fossil 1999 Non-Holo Card 20/62 Vintage Pok√©mon  Tcg Lp,$49.99,https://www.ebay.com/itm/197490711351,https://i.ebayimg.com/images/g/pMUAAeSwrepoZG7T/s-l140.jpg,2025-07-07
Pok√©mon Tcg Gengar Fossil 20/62 Regular Unlimited Rare,$12.00,https://www.ebay.com/itm/166965815647,https://i.ebayimg.com/images/g/MD0AAOSwH1pm4S2C/s-l140.jpg,2025-07-07
Pokemon Wotc Card - Gengar - Fossil Set - Non-Holo Rare - 20/62 - Lp,$19.79,https://www.ebay.com/itm/326662485039,https://i.ebayimg.com/images/g/kpwAAeSwSwNoX~mi/s-l140.jpg,2025-07-07
Gengar  20/62 - Fossil - Pokemon Tcg - Lp To Nm,$30.02,https://www.ebay.com/itm/196924977022,https://i.ebayimg.com/images/g/pH0AAOSwoYNndrO0/s-l140.jpg,2025-07-07
Gengar Fossil 20/62,$38.00,https://www.ebay.com/itm/316373276930,https://i.ebayimg.com/images/g/Wz4AAeSwvalnu55l/s-l140.jpg,2025-07-07
Gengar 20/62 - Pokemon Fossil Unlimited Rare Card Wotc Vintage Hp,$16.17,https://www.ebay.com/itm/297073766935,https://i.ebayimg.com/images/g/-bAAAeSw~Ghnw8bQ/s-l140.jpg,2025-07-07
Gengar 20/62 Fossil-Unlimited Edition Regular,$20.00,https://www.ebay.com/itm/156928361745,https://i.ebayimg.com/images/g/gx4AAeSwfr5oDBJh/s-l140.jpg,2025-07-07
Old Back Gengar No. 094Holo Swirlthe Secret Of Fossils Rare Pokemon Card Game,$53.79,https://www.ebay.com/itm/157152451158,https://i.ebayimg.com/images/g/180AAeSwa1xoaxzz/s-l140.jpg,2025-07-07
Pokemon - Gengar 20/62 - Fossil - Rare - Mp/Hp,$14.00,https://www.ebay.com/itm/393708357910,https://i.ebayimg.com/images/g/pwUAAOSwOvthlq9P/s-l140.jpg,2025-07-07
Gengar No. 094 Fossil Holo Japanese Pokemon Card,$54.59,https://www.ebay.com/itm/157116624715,https://i.ebayimg.com/images/g/OJ4AAOSw8F9oVcno/s-l140.jpg,2025-07-07
Gengar No. 094 Holo Rare Fossil Set Japanese Pokemon Card 1997 Old Back,$31.47 to $41.96,https://www.ebay.com/itm/177057714941,https://i.ebayimg.com/images/g/GwAAAOSwQl1oEwOE/s-l140.jpg,2025-07-07
"Gastly 33/62, Haunter 21/62 & Gengar 20/62 Hp/Dmg Lot Fossil",$12.50,https://www.ebay.com/itm/306275238934,https://i.ebayimg.com/images/g/W7UAAeSw9MBoD8Q~/s-l140.jpg,2025-07-07
Gengar Rare #20/62 Fossil Pok√©mon Card,$16.37,https://www.ebay.com/itm/187392995559,https://i.ebayimg.com/images/g/IPMAAeSwdNRnu3FO/s-l140.jpg,2025-07-07
Gengar Mystery Of The Fossils Holo (Japanese),$56.54,https://www.ebay.com/itm/226730416032,https://i.ebayimg.com/images/g/gnoAAeSwNbFoE5AR/s-l140.jpg,2025-07-07
Pok√©mon Tcg Gengar Fossil 20/62 Regular 1999 Wizards Base Set,$30.00,https://www.ebay.com/itm/316487052554,https://i.ebayimg.com/images/g/hVEAAeSwpxFn0oCD/s-l140.jpg,2025-07-07
Gengar #20 Pokemon Fossil Set (Wotc 1999) Non-Holo/Regular/Unlimited (Lp),$19.99,https://www.ebay.com/itm/396072147219,https://i.ebayimg.com/images/g/YW0AAOSwY65ncoA8/s-l140.jpg,2025-07-07
Gengar 20/62¬†Fossil  Pok√©mon Tcg  Regular Unlimited Rare,$11.99,https://www.ebay.com/itm/404319828844,https://i.ebayimg.com/images/g/JCwAAOSwgaZkfTTZ/s-l140.jpg,2025-07-07
Gengar Fossil Set 20/62 Non-Holo Vintage Pokemon Card,$75.00,https://www.ebay.com/itm/126542510695,https://i.ebayimg.com/images/g/nsAAAOSwsWVmd25r/s-l140.jpg,2025-07-07
Gengar Fossil Holo Pokemon Card Vintage Rare,$89.99,https://www.ebay.com/itm/297377236910,https://i.ebayimg.com/images/g/bn8AAOSwke5oQLx5/s-l140.jpg,2025-07-07
Pokemon Card Fossil Gengar 20/62 Near Mint,$23.99,https://www.ebay.com/itm/356794263632,https://i.ebayimg.com/images/g/51wAAeSwX0VoAbiq/s-l140.jpg,2025-07-07
Pokemon 1999 Gengar #20 Fossil Non Holo Nm Gem,$29.00,https://www.ebay.com/itm/396515563225,https://i.ebayimg.com/images/g/CTgAAeSwHztoBwVM/s-l140.jpg,2025-07-07
Gengar Swir Holoand Maru Holo 3Rd Installment Of The Fossils The Secret Pokemon,$96.54,https://www.ebay.com/itm/157152451077,https://i.ebayimg.com/images/g/m8EAAeSwfw9oax1w/s-l140.jpg,2025-07-07
"Gengar 20/62, Haunter 21/62, Gastly 33/62 Set Fossil - Nm Non Holo Full Set",$45.00,https://www.ebay.com/itm/316146112526,https://i.ebayimg.com/images/g/AVQAAOSwcpVnifU4/s-l140.jpg,2025-07-07
1999 Gengar 20/62 Fossil,$20.00,https://www.ebay.com/itm/146344629033,https://i.ebayimg.com/images/g/kG8AAOSw0pxnkERb/s-l140.jpg,2025-07-07
Gengar (20/62) [Fossil Unlimited] Lightly Played,$16.99,https://www.ebay.com/itm/388451188446,https://i.ebayimg.com/images/g/CvQAAeSwOqJoLncH/s-l140.jpg,2025-07-07
Pok√©mon Tcg Japanese Gengar Fossil Holo Gem Mint 10! (Not Psa),$360.00,https://www.ebay.com/itm/145174806956,https://i.ebayimg.com/images/g/hjoAAOSw0WhiImn3/s-l140.jpg,2025-07-07
Gengar No.094 Fossil Pokemon Card Japanese Holo Rare Swirl Old Back So,$71.48,https://www.ebay.com/itm/405881054374,https://i.ebayimg.com/images/g/KkMAAOSwhL1oLBgX/s-l140.jpg,2025-07-07
Gengar Mystery Of The Fossils Holo (Japanese),$80.00,https://www.ebay.com/itm/177232310176,https://i.ebayimg.com/images/g/j3AAAeSwSwNoYeVB/s-l140.jpg,2025-07-07
"1997 Pok√©mon Japanese Fossil Gengar-Holo Near Mint, Make An Offer",$248.00,https://www.ebay.com/itm/126997964870,https://i.ebayimg.com/images/g/YsMAAeSwZT5n1-KI/s-l140.jpg,2025-07-07
Pokemon Gengar 20/62 Fossil Regular Moderately Played,$13.00,https://www.ebay.com/itm/316133719205,https://i.ebayimg.com/images/g/yuQAAOSwsftnhq3z/s-l500.jpg,2025-07-07
Gengar 20/62 Fossil Regular,$15.00,https://www.ebay.com/itm/316850423431,https://i.ebayimg.com/images/g/cmEAAeSwE0ZoMG-h/s-l140.jpg,2025-07-07
Gengar Holo Rare #94 Fossil Set Japanese Pokemon Card Excellent Condition!,$50.00,https://www.ebay.com/itm/333940494100,https://i.ebayimg.com/images/g/sAwAAOSwnA1gY5a9/s-l140.jpg,2025-07-07
Gengar 20/62 Fossil-Unlimited Edition Regular,$30.00,https://www.ebay.com/itm/388161460215,https://i.ebayimg.com/images/g/DgIAAeSw3x1n5sBD/s-l140.jpg,2025-07-07
Gengar 20/62 Non Holo 1St Edition Rare Fossil Pokemon Card,$75.00,https://www.ebay.com/itm/197234747699,https://i.ebayimg.com/images/g/8NUAAeSwhIxoBQ79/s-l140.jpg,2025-07-07
Gengar 20/62 Fossil Regular,$45.00,https://www.ebay.com/itm/205452267978,https://i.ebayimg.com/images/g/rVkAAeSwhmFoDyO3/s-l140.jpg,2025-07-07
Pok√©mon Gengar 20/62 Fossil Pack Fresh Nm,$29.99,https://www.ebay.com/itm/265276998746,https://i.ebayimg.com/images/g/w5IAAOSwy8phH9gY/s-l140.jpg,2025-07-07
Pokemon Card Japanese Gengar Old Back Holo Rare Fossil Set Vintage,$23.00,https://www.ebay.com/itm/316987789714,https://i.ebayimg.com/images/g/qocAAOSwujpoTY0l/s-l140.jpg,2025-07-07
Gengar 20/62 Fossil Regular Near Mint,$35.00,https://www.ebay.com/itm/205585993714,https://i.ebayimg.com/images/g/mVsAAeSwtlpoXwbM/s-l140.jpg,2025-07-07
Gengar  20/62 Fossil Pok√©mon Card Tcg Non-Holo Rare 1999,$19.99,https://www.ebay.com/itm/155481829929,https://i.ebayimg.com/images/g/LAAAAOSwVKhkJ1wX/s-l140.jpg,2025-07-07
üî•Gengar ‚Äú1St Edition‚Äù Fossil 20/62 ‚ÄúRare‚Äù Masterpiece True Pokemon Treasure!,$74.95,https://www.ebay.com/itm/204786018619,https://i.ebayimg.com/images/g/NIkAAOSwD~JmPq2A/s-l140.jpg,2025-07-07
Gengar 20/62 Fossil Set Unlimited Pokemon 1999 Nm,$20.00,https://www.ebay.com/itm/405652734743,https://i.ebayimg.com/images/g/nBMAAeSw1oBn06pl/s-l140.jpg,2025-07-07
Pok√©mon Tcg Gengar 20/62 Fossil Non-Holo Rare,$17.99,https://www.ebay.com/itm/356218441858,https://i.ebayimg.com/images/g/JacAAOSwwuVnJt20/s-l140.jpg,2025-07-07
Gengar 20/62 Fossil Regular (Lp),$12.00,https://www.ebay.com/itm/376277778870,https://i.ebayimg.com/images/g/1XUAAeSwvNdoMtiK/s-l140.jpg,2025-07-07
Gengar 20/62 Fossil Regular,$65.00,https://www.ebay.com/itm/356308948707,https://i.ebayimg.com/images/g/9WkAAOSwCURnRiL9/s-l140.jpg,2025-07-07
Japanese Gengar No. 094 Fossil Holo Rare Pokemon Card,$47.78,https://www.ebay.com/itm/116675273603,https://i.ebayimg.com/images/g/op0AAOSwOWdnzI~W/s-l140.jpg,2025-07-07
Gengar 20/62 - Pokemon Fossil Unlimited Rare Card Wotc Vintage Lp Non Holo,$20.29,https://www.ebay.com/itm/396617405038,https://i.ebayimg.com/images/g/G2kAAeSwJz5oJ4s0/s-l140.jpg,2025-07-07
1999 Pokemon Tcg Fossil Gengar #20 Non-Holo,$20.00,https://www.ebay.com/itm/146560222281,https://i.ebayimg.com/images/g/OXYAAeSwEWJoFvf0/s-l140.jpg,2025-07-07
üî•Gengar Fossil 094 Japanese  Holofoil Rare ‚ÄúMasterpiece‚Äù True Pokemon Treasure!,$99.95,https://www.ebay.com/itm/204786018609,https://i.ebayimg.com/images/g/-hMAAOSw4j5mP1sW/s-l140.jpg,2025-07-07
Gengar Pokemon 1997 Holo Fossil Japanese 094 Nm,$99.99,https://www.ebay.com/itm/294975875073,https://i.ebayimg.com/images/g/CEYAAOSwPaBieaTq/s-l140.jpg,2025-07-07
Gengar 20/62 Fossil Regular,$15.00,https://www.ebay.com/itm/226792614372,https://i.ebayimg.com/images/g/jvMAAeSw4YVoPjir/s-l140.jpg,2025-07-07
Gengar 20/62 Fossil Regular Unlimited,$16.99,https://www.ebay.com/itm/286373502108,https://i.ebayimg.com/images/g/s-kAAeSwvgZnw3KN/s-l140.jpg,2025-07-07
Gengar Holo | Fossil | Near Mint | Japanese | 094 | Pokemon Card,$68.25,https://www.ebay.com/itm/177179588891,https://i.ebayimg.com/images/g/HHYAAeSwvR9oSGNo/s-l140.jpg,2025-07-07
Pok√©mon Wotc 1St Edition Fossil Gengar 20/62 Ectoplasma French Psa Ready,$380.00,https://www.ebay.com/itm/193811605751,https://i.ebayimg.com/images/g/ZWYAAOSww0tftWXM/s-l140.jpg,2025-07-07
1999 Pokemon Fossil 1St Edition Gengar - #20/62 - Non-Holo - Rare,$74.99,https://www.ebay.com/itm/333827165495,https://i.ebayimg.com/images/g/FEgAAOSwy41f2lMO/s-l140.jpg,2025-07-07
Pok√©mon Tcg 1St Ed Non Holo Gengar Fossil 20/62 Nm,$105.11,https://www.ebay.com/itm/376368852519,https://i.ebayimg.com/images/g/-k4AAeSwu-FoXqkL/s-l140.jpg,2025-07-07
Gengar 20/62 Non Holo Rare Vintage Unlimited Lp 1999 Pokemon Tcg Wotc Fossil,$15.00,https://www.ebay.com/itm/156290970550,https://i.ebayimg.com/images/g/SeIAAOSwLG1miaHB/s-l140.jpg,2025-07-07
Pok√©mon Tcg Gengar Fossil 20 Regular Unlimited Rare,$10.00,https://www.ebay.com/itm/374971664164,https://i.ebayimg.com/images/g/UCMAAOSw1BJlH6Tf/s-l140.jpg,2025-07-07
Gengar 20/62 Pokemon Fossil English Rare,$32.75,https://www.ebay.com/itm/276315135332,https://i.ebayimg.com/images/g/RFQAAOSwcVNmFPBh/s-l140.jpg,2025-07-07
1997 P.M. Japanese Fossil Gengar - Holo,"$1,000.00",https://www.ebay.com/itm/405590217068,https://i.ebayimg.com/images/g/BzYAAeSwpKhnwUkF/s-l140.jpg,2025-07-07
1999 Pokemon Tcg Wotc Fossil Gengar 20/62 Non Holo Rare Vintage Unlimited Lp,$19.99,https://www.ebay.com/itm/386588528470,https://i.ebayimg.com/images/g/YfwAAOSwuaZlmwTS/s-l140.jpg,2025-07-07
Gengar 20/62 Fossil Regular,$12.00,https://www.ebay.com/itm/365341486475,https://i.ebayimg.com/images/g/IxkAAOSwmRlnhU0u/s-l140.jpg,2025-07-07
Gastly-1St Ed-33/62 Fossil + Haunter -1St Ed-21/62 Fossil - Gengar -20/62 Fossil,$98.94,https://www.ebay.com/itm/403120421838,https://i.ebayimg.com/images/g/X2sAAOSw0tBhLme5/s-l140.jpg,2025-07-07
Pok√©mon Tcg Gengar Fossil 20 Regular Unlimited Rare,$30.00,https://www.ebay.com/itm/364256022673,https://i.ebayimg.com/images/g/qMMAAOSwV91kXqbE/s-l140.jpg,2025-07-07
Pok√©mon Tcg Gengar Fossil 20 Regular Unlimited Rare,$24.99,https://www.ebay.com/itm/166175327164,https://i.ebayimg.com/images/g/U0oAAOSwgmtki8oL/s-l140.jpg,2025-07-07
Gengar 20/62 Fossil Regular,$22.49,https://www.ebay.com/itm/156773781819,https://i.ebayimg.com/images/g/WuIAAeSwqFJny9tn/s-l140.jpg,2025-07-07
üëª Gengar 1St Edition 20/62 1St Edition Fossil Pokemon Cards 1999 Wotc Vintage,$53.00,https://www.ebay.com/itm/356797544260,https://i.ebayimg.com/images/g/KAkAAeSwR8toApBu/s-l140.jpg,2025-07-07
Pok√©mon No.094 Gengar Holo Fossil Japanese,$183.57,https://www.ebay.com/itm/177209830997,https://i.ebayimg.com/images/g/Pn0AAOSwz8loVNrV/s-l140.jpg,2025-07-07
Gengar Fossil Japanese Holo #094 Near Mint,$100.00,https://www.ebay.com/itm/233873275303,https://i.ebayimg.com/images/g/orQAAOSwTC5fwsrt/s-l140.jpg,2025-07-07
Gengar 20/62 Fossil Regular,$65.00,https://www.ebay.com/itm/405629937558,https://i.ebayimg.com/images/g/bqcAAeSwrrFnzjgU/s-l140.jpg,2025-07-07
Pokemon Card Gengar 20/62 Fossil Ita Italian Card Good,$8.13,https://www.ebay.com/itm/388623465352,https://i.ebayimg.com/images/g/XREAAeSwrd1oWWm2/s-l140.jpg,2025-07-07
Pokemon Card Japanese Gengar Fossil Holo Good,$35.00,https://www.ebay.com/itm/165931291214,https://i.ebayimg.com/images/g/wcMAAOSw1UdgXPUZ/s-l140.jpg,2025-07-07
Pokemon Wotc Card - Gengar - Fossil Set - Non-Holo Rare - 20/62 - Hp,$11.60,https://www.ebay.com/itm/326586090257,https://i.ebayimg.com/images/g/7TIAAOSwpaFoKLSY/s-l140.jpg,2025-07-07
Pok√©mon Tcg Gengar Fossil 20 Regular Unlimited Rare,$25.00,https://www.ebay.com/itm/144873876265,https://i.ebayimg.com/images/g/iKUAAOSw0SNjqmN8/s-l140.jpg,2025-07-07
Gengar 1999  Fossil Set Pokemon Card,$25.00,https://www.ebay.com/itm/404362980997,https://i.ebayimg.com/images/g/licAAOSw3yNko3lR/s-l140.jpg,2025-07-07
Gengar 20/62 Fossil Regular,$105.00,https://www.ebay.com/itm/297286691303,https://i.ebayimg.com/images/g/fPQAAOSw8ANoHBxD/s-l140.jpg,2025-07-07
1St Edition Dutch Fossil Gengar,$280.00,https://www.ebay.com/itm/236060687601,https://i.ebayimg.com/images/g/pGIAAOSw1NtoAUib/s-l140.jpg,2025-07-07
Gengar 20/62 Fossil Regular,$25.00,https://www.ebay.com/itm/405593400864,https://i.ebayimg.com/images/g/YuoAAeSwhblnwm2L/s-l140.jpg,2025-07-07
1999 Pokemon Gengar 1St Edition 20/62 Fossil Rare New,$377.77,https://www.ebay.com/itm/276697906803,https://i.ebayimg.com/images/g/WkUAAOSwPCFnGEDC/s-l140.jpg,2025-07-07
Gengar 20/62 Fossil Set Non-Holo Rare Pokemon Card,$13.00,https://www.ebay.com/itm/225157748880,https://i.ebayimg.com/images/g/wxcAAOSwBGRjHLuQ/s-l140.jpg,2025-07-07
1999 Wizards *1St Edition* Gengar Non~Holographic Pok√©mon Card #20/62 Fossil Set,$200.00,https://www.ebay.com/itm/375108793914,https://i.ebayimg.com/images/g/xCsAAOSwuctlIBKx/s-l140.jpg,2025-07-07
Pokemon Tcg Wotc 1999 Fossil Set: Gengar 20/62 1St Edition Rare Card - Lp/Nm,$75.06,https://www.ebay.com/itm/277095827308,https://i.ebayimg.com/images/g/WZ8AAeSwGBhoHMjV/s-l140.jpg,2025-07-07
Gengar 20/62 Fossil Set Non-Holo Rare Pokemon Card,$8.00,https://www.ebay.com/itm/353403467264,https://i.ebayimg.com/images/g/flMAAOSw7fJgOsGb/s-l140.jpg,2025-07-07
Gengar - 20/62 - 1St Edition Fossil - Rare - Pokemon Card -  Nm,$119.95,https://www.ebay.com/itm/163771703677,https://i.ebayimg.com/images/g/fFAAAOSwgS9dJa6c/s-l140.jpg,2025-07-07
Pokemon Card Gengar (20/62) Fossil Rare Non-Foil,$85.20,https://www.ebay.com/itm/316723079080,https://i.ebayimg.com/images/g/N50AAeSwwDZoDbCR/s-l140.jpg,2025-07-07
"Gengar (Holo), Haunter (Holo), Gastly First Edition Fossil + More",$300.00,https://www.ebay.com/itm/354110118308,https://i.ebayimg.com/images/g/Dz8AAOSwEX9iqfQ4/s-l140.jpg,2025-07-07
Mint! 1St Edition Gengar Fossil Set Pokemon Card,$109.20,https://www.ebay.com/itm/135395716573,https://i.ebayimg.com/images/g/5HUAAOSwr1xnJ9Nt/s-l140.jpg,2025-07-07
Gengar - Fossil 'Non/Holo' 20/62 - Pokemon!,$53.24,https://www.ebay.com/itm/324454371716,https://i.ebayimg.com/images/g/eKEAAOSwk5pgAr3k/s-l140.jpg,2025-07-07
Gengar Fossil Holo 90,$85.00,https://www.ebay.com/itm/197153833235,https://i.ebayimg.com/images/g/XjwAAOSwSMtn5gOC/s-l140.jpg,2025-07-07
Fossil Secrets Gengar Japanese Vending Pokemon Card No 094 Old Back,$225.00,https://www.ebay.com/itm/187054184919,https://i.ebayimg.com/images/g/qqQAAOSwmg5oDdmn/s-l140.jpg,2025-07-07
Gengar 20/62~ Haunter 21/62~Gastly 33/62 Fossil Set - Non-Holo Rare Pokemon Tcg,$40.00,https://www.ebay.com/itm/384116701975,https://i.ebayimg.com/images/g/BpwAAOSwc~dghhR3/s-l140.jpg,2025-07-07
Gengar 20/62 - Pokemon Fossil Unlimited Rare Card Wotc Vintage Lp/Nm,$27.00,https://www.ebay.com/itm/126991718207,https://i.ebayimg.com/images/g/jj8AAOSwpSpn0xWb/s-l140.jpg,2025-07-07
Gengar 80 Fossil,$87.62,https://www.ebay.com/itm/376104973935,https://i.ebayimg.com/images/g/Dq0AAOSwwZln5fwp/s-l140.jpg,2025-07-07
First 1St Edition Gengar 20/62 Pokemon Card Tcg Fossil Non Holo,$50.00,https://www.ebay.com/itm/365188723346,https://i.ebayimg.com/images/g/ih8AAOSw4p1nFY10/s-l140.jpg,2025-07-07
Fossil #20/62 Gengar (20) Nm/Lp,$50.00,https://www.ebay.com/itm/356208583800,https://i.ebayimg.com/images/g/f-MAAOSw5ORnIu6H/s-l140.jpg,2025-07-07
Gengar 20/62 - Non Holo Rare Fossil Set Pokemon Card,$50.00,https://www.ebay.com/itm/333881299412,https://i.ebayimg.com/images/g/u84AAOSwzn9gHw~N/s-l140.jpg,2025-07-07
Gengar 20/62 Fossil Set - Non-Holo Rare Pokemon Card,$17.00,https://www.ebay.com/itm/124569599312,https://i.ebayimg.com/images/g/UXoAAOSwXChgJT0H/s-l140.jpg,2025-07-07
Pok√©mon Tcg Gengar 20/62 Fossil Regular Non-Holo Rare - Mp+,$20.48,https://www.ebay.com/itm/405876045978,https://i.ebayimg.com/images/g/0xYAAeSwJ0BoKcmy/s-l140.jpg,2025-07-07
Pokemon All Fossil Set Rare Cards Gengar Zapdos Moltres Raichu Ditto Etc Choose,$10.92 to $17.73,https://www.ebay.com/itm/316157096946,https://i.ebayimg.com/images/g/EzYAAOSwaAhnk8FY/s-l140.jpg,2025-07-07
Gengar 20/62 Rare Fossil Set Pokemon Card Near Mint,$40.00,https://www.ebay.com/itm/174783837205,https://i.ebayimg.com/images/g/GO4AAOSw3~dgsAst/s-l140.jpg,2025-07-07
Gengar | Fossil | Deutsch Non Holo Pokemon Card Game,$53.00,https://www.ebay.com/itm/276553089317,https://i.ebayimg.com/images/g/zoAAAOSwtZBmlUNb/s-l140.jpg,2025-07-07
Pokemon Mew Gengar & Others Holo Fossil Lot Lp (P) Japanese,$234.38,https://www.ebay.com/itm/284152282587,https://i.ebayimg.com/images/g/r1wAAOSwmLpgAK5b/s-l140.jpg,2025-07-07
Gengar No. 094 Holo Rare Fossil (Lp) - Pokemon Card Japanese 1997,$84.44,https://www.ebay.com/itm/145936243358,https://i.ebayimg.com/images/g/uC4AAOSwrY1msxaC/s-l140.jpg,2025-07-07
Gengar Golem Slowbro Moltres Fossil Pokemon Card Base Jungle Wotc,$25.73,https://www.ebay.com/itm/294009402895,https://i.ebayimg.com/images/g/WUkAAOSwMb5gJVO7/s-l140.jpg,2025-07-07
Gengar - 20/62 - Fossil - Rare - Pokemon Card - Nm,$25.00,https://www.ebay.com/itm/186639503311,https://i.ebayimg.com/images/g/HxwAAOSwaeNmwgG1/s-l140.jpg,2025-07-07
Pok√©mon Tcg Gengar Fossil 20 Regular Unlimited Rare,$16.99,https://www.ebay.com/itm/374404031215,https://i.ebayimg.com/images/g/t0cAAOSwcV5jEr7p/s-l140.jpg,2025-07-07
"25 Card Lot. Base Set , Fossil Set , Jungle Set. Machamp Lapras Gengar Etc",$125.00,https://www.ebay.com/itm/154876635360,https://i.ebayimg.com/images/g/NEEAAOSwv5JiHiAX/s-l140.jpg,2025-07-07
Gengar 20/62 Fossil Rare German Poor Pokemon,$12.94,https://www.ebay.com/itm/116491418258,https://i.ebayimg.com/images/g/~3EAAOSwHAlnusQp/s-l140.jpg,2025-07-07
Pokemon Tcg Card Fossil 1St Edition Gengar Rare 20/62,$90.00,https://www.ebay.com/itm/124745877453,https://i.ebayimg.com/images/g/uBoAAOSwM2VgsILz/s-l140.jpg,2025-07-07
Gengar 1St Edition Rare Fossil 20/62 Pokemon Card - Near Mint/Excellent,$162.00,https://www.ebay.com/itm/353579158516,https://i.ebayimg.com/images/g/ECkAAOSw1jdg80r1/s-l140.jpg,2025-07-07
Gengar - Fossil 20/62 - Italian - Very Good,$21.19,https://www.ebay.com/itm/364408785108,https://i.ebayimg.com/images/g/oIsAAeSwnAVnvJfa/s-l140.jpg,2025-07-07
Gengar-Rare-Set Fossil Eng -20/62 Ita- Vintage,$11.78,https://www.ebay.com/itm/226648197142,https://i.ebayimg.com/images/g/ugMAAeSwv4NoIejC/s-l140.jpg,2025-07-07
Pokemon Card Gengar 20/62 Fossil Ita Italian Card Good,$23.54,https://www.ebay.com/itm/196538167489,https://i.ebayimg.com/images/g/kkQAAOSw5w5mq-~g/s-l140.jpg,2025-07-07
Pokemon Card Gengar No. 094 Holo Old Back Fossil 1997 Japanese Haunte Gastly,$90.00,https://www.ebay.com/itm/387834476643,https://i.ebayimg.com/images/g/VL8AAOSwKPFnit46/s-l140.jpg,2025-07-07
Gengar Fossil Japanese Edition Holo,$176.55,https://www.ebay.com/itm/375222093303,https://i.ebayimg.com/images/g/MvEAAOSwYoFlt9iG/s-l140.jpg,2025-07-07
Gengar 20/62 Fossil Regular,$80.00,https://www.ebay.com/itm/376026079134,https://i.ebayimg.com/images/g/ENkAAeSwXERnv0Nq/s-l140.jpg,2025-07-07
üü£  Gengar 20/62 Fossil Set - Non-Holo Rare Pokemon Card,$10.29,https://www.ebay.com/itm/353507525470,https://i.ebayimg.com/images/g/gYkAAOSwLqpgqynX/s-l140.jpg,2025-07-07
Pokemon 1999 Gengar Fossil Regular Wizards Base Set,$50.00,https://www.ebay.com/itm/305466508590,https://i.ebayimg.com/images/g/DJwAAOSwB2Jl~JYv/s-l140.jpg,2025-07-07
Pok√©mon Tcg Gengar Fossil 20/62 Regular Unlimited Rare,$14.99,https://www.ebay.com/itm/255567712895,https://i.ebayimg.com/images/g/nQQAAOSwEWxim3iE/s-l140.jpg,2025-07-07
Gengar Haunter Aerodactyl Raichu Fossil Set Pokemon Card Base Jungle Wotc Nm ?,$50.73,https://www.ebay.com/itm/294004447739,https://i.ebayimg.com/images/g/k2oAAOSwkwFgIrYh/s-l140.jpg,2025-07-07
Gengar Holo Japanese Fossil Pokemon Card Wotc,$734.50,https://www.ebay.com/itm/296382614272,https://i.ebayimg.com/images/g/GlcAAOSwPUhmJjsS/s-l140.jpg,2025-07-07
Gengar No.094 - 1997 Mystery Of The Fossils Old Back Pokemon Card Japanese,$149.99,https://www.ebay.com/itm/388564423659,https://i.ebayimg.com/images/g/7yQAAOSwrDNoSXAe/s-l140.jpg,2025-07-07
1999 Original Fossil Gengar Pokemon Card Mint Holo Shiny,$682.50,https://www.ebay.com/itm/134393991741,https://i.ebayimg.com/images/g/0RYAAOSw~CJjsfuR/s-l140.jpg,2025-07-07
"Gengar 1St Edition Fossil | Classic Psa ""Graded"" Pok√©mon Inspired Keyring",$10.85,https://www.ebay.com/itm/176725724862,https://i.ebayimg.com/images/g/iw4AAOSwXNdmJYgH/s-l140.jpg,2025-07-07
Gengar No. 094 Holo Rare Fossil - Pokemon Card Japanese 1997,$844.94,https://www.ebay.com/itm/145373302869,https://i.ebayimg.com/images/g/LKIAAOSw18llLtBA/s-l140.jpg,2025-07-07
Pokemon Tcg Card Fossil 1St Edition Gengar Rare 20/62,$999.99,https://www.ebay.com/itm/387708109895,https://i.ebayimg.com/images/g/rVYAAOSwVAtnU~3u/s-l140.jpg,2025-07-07
"Gengar 20/62 Fossil Regular  95,96,98",$250.00,https://www.ebay.com/itm/405471972797,https://i.ebayimg.com/images/g/1NwAAOSweM5ngs8X/s-l140.jpg,2025-07-07
Dragonite Gengar Haunter Ditto Fossil Set Pokemon Card Base Jungle Wotc Nm + ?,$65.44,https://www.ebay.com/itm/294004457366,https://i.ebayimg.com/images/g/1V0AAOSwikxgIrd1/s-l140.jpg,2025-07-07
1St Edition Fossil Graded Cards | Pok√©mon Tcg Wotc Cards Inc: Gengar Arbok Golem,$27.30 to $34.13,https://www.ebay.com/itm/394092745160,https://i.ebayimg.com/images/g/UxgAAOSwmY9ikNLD/s-l140.jpg,2025-07-07
Pokemon Card Gengar 20/62 Fossil Ita Italian Card Good,$88.34,https://www.ebay.com/itm/326645096568,https://i.ebayimg.com/images/g/2M0AAeSw85ZoUa6q/s-l140.jpg,2025-07-07
Pokemon Card Gengar No.094 Fossil Holo Rare 1997 Japanese Old Back Vintage Lp,$65.88,https://www.ebay.com/itm/406023671219,https://i.ebayimg.com/images/g/bVoAAeSwdLpoRBA-/s-l140.jpg,2025-07-07
Holo Gengar Fossil Pok√©mon Card,$300.00,https://www.ebay.com/itm/354694607760,https://i.ebayimg.com/images/g/PzgAAOSwR2hkK1yF/s-l140.jpg,2025-07-07
Pokemon Card - Gengar Non Holo Rare 20/62 Fossil Set Wotc,$8.19,https://www.ebay.com/itm/396278498362,https://i.ebayimg.com/images/g/eBsAAOSwOYlnx4Wg/s-l140.jpg,2025-07-07
Pokemon Tcg: Gengar 20/62 Non-Holo Rare Unlimited 1999 Fossil Dmg,$500.00,https://www.ebay.com/itm/315318567963,https://i.ebayimg.com/images/g/NIIAAOSw9YFmKQmf/s-l140.jpg,2025-07-07
"Pok√©mon - Fossil - Choose Your Card - Gengar, Dragonite, Lapras",$1.35 to $3.54,https://www.ebay.com/itm/364871010377,https://i.ebayimg.com/images/g/gPoAAOSwa9Zn8Iqd/s-l140.jpg,2025-07-07
Gengar - Fossil Set - #20,$40.00,https://www.ebay.com/itm/363721025416,https://i.ebayimg.com/images/g/CjQAAOSwVOBiA6ld/s-l140.jpg,2025-07-07
Pok√©mon Tcg Gengar Fossil 20 Regular Unlimited Rare,$27.29,https://www.ebay.com/itm/267092400720,https://i.ebayimg.com/images/g/aSwAAOSwwmVnVtbi/s-l140.jpg,2025-07-07
Pok√©mon Tcg Gengar Fossil 20 Regular Unlimited Rare,$12.00,https://www.ebay.com/itm/403978420607,https://i.ebayimg.com/images/g/sQAAAOSwPhljZp8h/s-l140.jpg,2025-07-07
"Gengar 1St Edition Fossil 'Holo' | Xl Size Psa ""Graded"" Pok√©mon Inspired Keyring",$12.15,https://www.ebay.com/itm/176630930902,https://i.ebayimg.com/images/g/XBMAAOSwIqhmJad1/s-l140.jpg,2025-07-07
Pok√©mon Tcg Gengar Fossil 20 Regular Unlimited Rare,$40.95,https://www.ebay.com/itm/374808655755,https://i.ebayimg.com/images/g/OIUAAOSwgDlkrrky/s-l140.jpg,2025-07-07
Pokemon Fossil Gengar No. 094 Holo (Japanese) - Holo Rare (Hp),$34.99,https://www.ebay.com/itm/336028714016,https://i.ebayimg.com/images/g/FDQAAOSwbJ5oV9Pn/s-l140.jpg,2025-07-07
1999 Pokemon Fossil Gengar 1St Edition Non-Holo Card #20/62 -- Nm,$32.99,https://www.ebay.com/itm/146649240940,https://i.ebayimg.com/images/g/XrsAAeSwXXZoTca5/s-l140.jpg,2025-07-07
Gengar - 20/62 - Fossil - Rare - Pokemon Card - Nm/M Condition,$7.00,https://www.ebay.com/itm/388648329824,https://i.ebayimg.com/images/g/tZYAAOSwSd5nNTZn/s-l140.jpg,2025-07-07
Gengar Mystery Of The Fossils Holo (Japanese),$29.99,https://www.ebay.com/itm/167315579635,https://i.ebayimg.com/images/g/TcMAAeSw~UZnr6d4/s-l140.jpg,2025-07-07
Gengar 20/62 Fossil Regular Pokemontcg Lightly Played,$11.99,https://www.ebay.com/itm/335880482636,https://i.ebayimg.com/images/g/dI0AAeSwubJn437R/s-l140.jpg,2025-07-07
Pokemon Gengar 20/62 Fossil-Unlimited Edition Regular Rare Non Holo Lp-,$7.50,https://www.ebay.com/itm/388497919034,https://i.ebayimg.com/images/g/yhMAAeSwQUZoO4SF/s-l140.jpg,2025-07-07
Gengar 20/62 Fossil Unlimited - Non Holo Rare- Wotc -Mp - Pokemon Vintage,$13.99,https://www.ebay.com/itm/396733448917,https://i.ebayimg.com/images/g/mqEAAeSwG~loSkR5/s-l140.jpg,2025-07-07
Gengar 20/62 Vintage Pokemon Tcg Fossil Set Lp,$18.00,https://www.ebay.com/itm/316465433064,https://i.ebayimg.com/images/g/g1MAAeSwoqVnzH56/s-l140.jpg,2025-07-07
Gengar 20/62 Fossil Non Holo Vintage Wotc Pokemon Card Nm,$20.00,https://www.ebay.com/itm/388416087121,https://i.ebayimg.com/images/g/RSsAAeSwoZRoJNZa/s-l140.jpg,2025-07-07
Gengar Fossil Japanese Pokemon Card Holo Rare Vintage Old Back,$80.00,https://www.ebay.com/itm/306384666820,https://i.ebayimg.com/images/g/N-oAAeSwhblnwq-f/s-l140.jpg,2025-07-07
Pok√©mon Tcg Gengar Fossil 20/62 Regular Unlimited Rare,$18.00,https://www.ebay.com/itm/405290860694,https://i.ebayimg.com/images/g/Y3oAAOSwTStnECqJ/s-l140.jpg,2025-07-07
Gengar Fossil 20/62 Regular Unlimited Rare - Pok√©mon Tcg - Lp,$15.00,https://www.ebay.com/itm/387898268848,https://i.ebayimg.com/images/g/dcQAAOSwXoBnpPuQ/s-l140.jpg,2025-07-07
Gengar No.094 Holo Rare Fossil Set Vintage 2000 Japanese Pokemon Card Lp,$50.00,https://www.ebay.com/itm/135403523026,https://i.ebayimg.com/images/g/HTMAAOSw4sxnRmNy/s-l140.jpg,2025-07-07
Rare! Only 100 Made! 1997 Japanese Pok√©mon Fossil Gengar Holo #94 Glitch Poster,$44.99,https://www.ebay.com/itm/305704998419,https://i.ebayimg.com/images/g/63QAAOSwlrtmq5R9/s-l140.jpg,2025-07-07
Gengar 20/62 Fossil Regular,$12.99,https://www.ebay.com/itm/335690341850,https://i.ebayimg.com/images/g/TgMAAOSwqqJnQWX5/s-l140.jpg,2025-07-07
Near Complete Fossil Set 47/48  Japanese Wotc Dragonite Gengar Articuno Pokemon,$369.00,https://www.ebay.com/itm/145465298552,https://i.ebayimg.com/images/g/xiEAAOSwxW1lZRSR/s-l140.jpg,2025-07-07
1999 Pok√©mon Tcg Gengar Fossil 20/62 Regular Rare Nm+,$15.00,https://www.ebay.com/itm/388231010819,https://i.ebayimg.com/images/g/EXwAAeSw2Gdn9ykH/s-l140.jpg,2025-07-07
Gengar 20/62 Fossil-1St Edition Regular,$20.00,https://www.ebay.com/itm/156865580690,https://i.ebayimg.com/images/g/tKYAAeSwbTpn8sDZ/s-l140.jpg,2025-07-07
Gengar Pokemon Tcg 20/62 1995 Fossil Rare Non-Holo Pretty Good Quality,$30.00,https://www.ebay.com/itm/167616855504,https://i.ebayimg.com/images/g/yRgAAeSwTmRoYKuG/s-l140.jpg,2025-07-07
Japanese - Gengar - Pokemon Card- Fossil,$60.00,https://www.ebay.com/itm/134849665799,https://i.ebayimg.com/images/g/ZUMAAOSwXdZleGW3/s-l140.jpg,2025-07-07
Gengar Fossil 20/62 Regular Unlimited Rare - Pok√©mon Tcg - Nm Grade Ready,$30.00,https://www.ebay.com/itm/387898285923,https://i.ebayimg.com/images/g/6T8AAOSwD2xnpPwy/s-l140.jpg,2025-07-07
Gengar 20/62 Fossil Unlimited Non Holo Rare Card Pokemon Tcg Nintendo,$24.99,https://www.ebay.com/itm/116683573712,https://i.ebayimg.com/images/g/kB4AAeSwOUVobPe2/s-l140.jpg,2025-07-08
Gengar - 05/62 - Fossil - Pokemon - Lp,$56.00,https://www.ebay.com/itm/205603616055,https://i.ebayimg.com/images/g/Mb4AAOSwIgxnWT5h/s-l140.jpg,2025-07-08
Gengar 20/62 Fossil,$15.00,https://www.ebay.com/itm/286694794021,https://i.ebayimg.com/images/g/Jh8AAeSw0fZobHbz/s-l140.jpg,2025-07-08
1999 Pokemon Fossil Gengar Rare Non Holo #20/62,$0.99,https://www.ebay.com/itm/127219423008,https://i.ebayimg.com/images/g/AesAAeSwl-ZobBfb/s-l140.jpg,2025-07-08
Gengar 20/62 Rare Fossil Non Holo Pok√©mon Card,$0.99,https://www.ebay.com/itm/116683229363,https://i.ebayimg.com/images/g/tHoAAeSwKVlobKE4/s-l140.jpg,2025-07-08
Pok√©mon Tcg Gengar Fossil 20/62 Non-Holo Card Unlimited Wotc 1999,$14.99,https://www.ebay.com/itm/336054854763,https://i.ebayimg.com/images/g/8fgAAeSwLw9obHSU/s-l140.jpg,2025-07-08
Gengar 20/62 Fossil Regular Unplayed Pokemon Card Mint,$0.99,https://www.ebay.com/itm/187396497436,https://i.ebayimg.com/images/g/NTgAAeSww-hobJA6/s-l140.jpg,2025-07-08
1999 Pokemon Fossil Portuguese Gengar #20/62,$0.99,https://www.ebay.com/itm/127219422703,https://i.ebayimg.com/images/g/MJcAAeSwyPxobBej/s-l140.jpg,2025-07-08
Gengar 20/62 Fossil Rare Non-Holographic Card ‚Äî Mp ‚Äî Vintage,$11.99,https://www.ebay.com/itm/388681764058,https://i.ebayimg.com/images/g/pXgAAeSwxEtobFZ4/s-l140.jpg,2025-07-08
Gengar Holo No.094 Fossil Japanese Pokemon Card 1997 Vintage,$32.00,https://www.ebay.com/itm/396712020600,https://i.ebayimg.com/images/g/lR0AAOSwDdZoRG5u/s-l140.jpg,2025-07-08
Gengar 20/62 Fossil Regular Pokemon Non Holo Mp,$5.00,https://www.ebay.com/itm/277257751685,https://i.ebayimg.com/images/g/inYAAeSwyPxobImE/s-l140.jpg,2025-07-08
Pok√©mon Tcg Gengar 20/62 Fossil,$34.01,https://www.ebay.com/itm/388682638877,https://i.ebayimg.com/images/g/WZAAAeSwM5VobJvQ/s-l140.jpg,2025-07-08
Gengar 20/62 Fossil Regular,$16.00,https://www.ebay.com/itm/396833555028,https://i.ebayimg.com/images/g/4WMAAeSw24NobAEL/s-l140.jpg,2025-07-08
Gengar No. 094 Fossil Holo Japanese Pokemon Card,$54.39,https://www.ebay.com/itm/157116625028,https://i.ebayimg.com/images/g/sjQAAOSwb25oVcn0/s-l140.jpg,2025-07-08
1999 Pokemon Fossil Gengar 1St Edition Non-Holo Card Psa 10,"$1,150.00",https://www.ebay.com/itm/286694319101,https://i.ebayimg.com/images/g/yJkAAeSwMK1obB90/s-l140.jpg,2025-07-08
Pok√©mon Gengar Tcg Card 20/62 Fossil Non-Holo,$9.52,https://www.ebay.com/itm/136123297702,https://i.ebayimg.com/images/g/NekAAeSw9IRoWlM6/s-l140.jpg,2025-07-08
Gengar 20/62 Fossil Regular,$10.99,https://www.ebay.com/itm/256820052483,https://i.ebayimg.com/images/g/M9cAAeSwU-pnsizX/s-l140.jpg,2025-07-08
Gengar - Fossil - Unlimited - Pokemon - X1 - Mint,$15.50,https://www.ebay.com/itm/286696632687,https://i.ebayimg.com/images/g/JzwAAeSw7Dlobcva/s-l140.jpg,2025-07-09
Pokemon Card - 95' - 98' - Fossil Set - Gengar 20/62,$10.00,https://www.ebay.com/itm/297457401220,https://i.ebayimg.com/images/g/jeoAAeSw0UpoaFz5/s-l140.jpg,2025-07-09
Gengar No. 094 Fossil Holo Japanese Pokemon Card - Lp Condition,$35.00,https://www.ebay.com/itm/226856201280,https://i.ebayimg.com/images/g/GXYAAeSw4GdobblK/s-l140.jpg,2025-07-09
Pokemon: Gengar #20/62 Rare Non-Holo Fossil 1999 Wotc Vintage - Mp - I110,$9.25,https://www.ebay.com/itm/376392199929,https://i.ebayimg.com/images/g/w44AAeSw3gFobZ0Z/s-l140.jpg,2025-07-09
Heavily Played Gengar - 20/62 - Rare - Unlimited Edition Pokemon Fossil,$7.80,https://www.ebay.com/itm/297457581935,https://i.ebayimg.com/images/g/WjkAAeSwdh9oOM30/s-l140.jpg,2025-07-09
Pok√©mon Tcg Gengar Fossil #20 Non Holo 1St Edition - Mp,$25.00,https://www.ebay.com/itm/336054844134,https://i.ebayimg.com/images/g/5~oAAeSw~pdobHK1/s-l140.jpg,2025-07-09
Pokemon Japan Gengar Holofoil Rare Mystery Of The Fossils,$45.00,https://www.ebay.com/itm/236189150925,https://i.ebayimg.com/images/g/bQQAAeSwdvZobTwk/s-l140.jpg,2025-07-09
Mint! Gengar Fossil Set Pokemon Card,$97.86,https://www.ebay.com/itm/406030826476,https://i.ebayimg.com/images/g/pSYAAeSwJOxobVqR/s-l140.jpg,2025-07-09
Gengar No.094 Holo Rare Fossil Set Vintage 2000 Japanese Pokemon Card,$3.25,https://www.ebay.com/itm/388639126189,https://i.ebayimg.com/images/g/f2UAAeSwz0xoXpya/s-l140.jpg,2025-07-09
1St Edition Gengar Non Holo 20/62 1999 Vintage Pok√©mon Fossil Tcg Vlp Wotc Era,$14.99,https://www.ebay.com/itm/286696969664,https://i.ebayimg.com/images/g/atcAAeSwbmBobhIu/s-l140.jpg,2025-07-09
(Lp-) Mewtwo Holo No.150 Gengar094  Mew Holo No.151 Fossil Japanese Pokemon Card,$110.00,https://www.ebay.com/itm/388687468260,https://i.ebayimg.com/images/g/zwsAAeSwfw9obkDH/s-l140.jpg,2025-07-09
Gengar 20/62 Fossil Set Pokemon Card Wotc,$10.18,https://www.ebay.com/itm/127221335726,https://i.ebayimg.com/images/g/4cUAAeSwZahobXtv/s-l140.jpg,2025-07-09
üî• Gengar 20/62 üî• Original Non Holo Rare Fossil Set Pokemon Card Wotc Tcg 1999,$8.14,https://www.ebay.com/itm/286695670532,https://i.ebayimg.com/images/g/wPoAAeSw6vRobRZm/s-l140.jpg,2025-07-09
Pokemon Fossil 20/62 Gengar 1St Edition,$39.99,https://www.ebay.com/itm/187401412103,https://i.ebayimg.com/images/g/3wgAAeSw881obxAH/s-l140.jpg,2025-07-10
Pokemon Tcg Gengar 094 Holo Old Back Japanese Mystery Of The Fossils Lp/Mp,$35.00,https://www.ebay.com/itm/357259933436,https://i.ebayimg.com/images/g/AxcAAeSw-FZobu6W/s-l140.jpg,2025-07-10
Gengar Fossil Set 20/62 Rare Pokemon Card 1999 Non-Holo Wotc Lp / Nm,$18.00,https://www.ebay.com/itm/226857440315,https://i.ebayimg.com/images/g/OO8AAeSwRHJobq-g/s-l140.jpg,2025-07-10
Pokemon Gengar Fossil Set 20/62 Mp Non-Holo Rare Card,$14.99,https://www.ebay.com/itm/277261752292,https://i.ebayimg.com/images/g/3m0AAeSws3Fob0ta/s-l140.jpg,2025-07-10
"Pok√©mon: 1St Edition, Fossil, Gengar 20/62, Non-Holo.",$39.99,https://www.ebay.com/itm/205607138821,https://i.ebayimg.com/images/g/5xMAAeSw1b5obtZT/s-l140.jpg,2025-07-10
Gengar No.094 Fossil Swirl Holo Mp Condition 1997 Japanese Pokemon Card,$42.98,https://www.ebay.com/itm/157159998109,https://i.ebayimg.com/images/g/h2MAAeSw5aVobyId/s-l140.jpg,2025-07-10
Gengar 20/62 Fossil Regular Lp Great Condition,$13.00,https://www.ebay.com/itm/286698359098,https://i.ebayimg.com/images/g/kQwAAeSwAEhobxIF/s-l140.jpg,2025-07-10
Gengar No.094 Fossil 1997 Holo Rare Vintage Old Back Japanese Pokemon Card Mp,$29.99,https://www.ebay.com/itm/376394007512,https://i.ebayimg.com/images/g/ypkAAeSwiJZobjKq/s-l140.jpg,2025-07-10
Pok√©mon Tcg Gengar 20/62 Rare Fossil Unlimited Vintage,$14.00,https://www.ebay.com/itm/317070999426,https://i.ebayimg.com/images/g/0m0AAeSwwqFob0GK/s-l140.jpg,2025-07-10
Pokemon Tcg Fossil Gengar 20/62 1St Edition Non-Holo Rare Card,$400.00,https://www.ebay.com/itm/336058657939,https://i.ebayimg.com/images/g/zEoAAeSwnkRobzbn/s-l140.jpg,2025-07-10
(Hp) Gengar No.094 Fossil Set Vintage 085/128 E Card Japanese Pokemon Card 02,$56.80,https://www.ebay.com/itm/396841415520,https://i.ebayimg.com/images/g/I94AAeSwIF9obo4P/s-l140.jpg,2025-07-10
Pok√©mon Tcg Gengar 20/62 Non Holo Fossil Mp,$0.72,https://www.ebay.com/itm/388690362703,https://i.ebayimg.com/images/g/2OMAAeSw2ANoZeQH/s-l140.jpg,2025-07-10
Gengar #094 Pl Japanese Pokemon Cards Holo Rare Vintage Fossil Set Wotc,$47.48,https://www.ebay.com/itm/127223528932,https://i.ebayimg.com/images/g/DSIAAeSwNrZobv73/s-l140.jpg,2025-07-10
